USE [KKLMDB];
GO
/*MA_PROCESS_DATE*/
INSERT INTO [dbo].[MA_PROCESS_DATE]([PROC_DATE],[PREV_PROC_DATE],[NEXT_PROC_DATE],[LOG_INSERTBYUSERID],[LOG_INSERTDATE]) VALUES('20131024','20131022','20131025','91B9778E-A8E4-4BD2-A831-97DA3F1A38D1',getdate())

/*MA_USER_PROFILE*/
INSERT INTO MA_USER_PROFILE(ID, LABEL, ISACTIVE) values
('2F49678B-026C-44FD-B34A-4D91A5ED40E1','SUP', 1),
('47403724-2ae4-4334-b244-35439cd28442', N'IT', '1'), 
('87ac4a18-4363-413b-8998-8f33d904f258', N'FO', '1'), 
('78400bd2-39d5-4088-8db7-c418b344aa48', N'BO', '1'), 
('245f94ac-3cbe-4d59-9204-c44a76fedefe', N'FOS', '1'), 
('e0e5d39b-c449-4d77-b1ba-c44fc03950c0', N'MO', '1')


/*MA_USER*/

INSERT INTO [dbo].[MA_USER] ([ID], [USERCODE], [NAME], [DEPARTMENT], [ISLOCKED], [ISACTIVE], [USER_OPICS], [USER_PROFILE_ID],[LOG_INSERTDATE],[LOG_INSERTBYUSERID])
VALUES ('a0b03fb8-d529-4baa-b04a-bed3f81c8ae0', N'administrator', N'Administartor', N'SUP', 0, 1,'SYS1', '2F49678B-026C-44FD-B34A-4D91A5ED40E1', GETDATE(), 'a0b03fb8-d529-4baa-b04a-bed3f81c8ae0')

/*MA_PRODUCT*/
INSERT INTO [KKLMDB].[dbo].[MA_PRODUCT]
([ID],[LABEL],[ISACTIVE])
VALUES('F85252D1-BC58-4AC6-8B56-2E228FB0A367','BOND',1),
	  ('7526C942-D034-4186-8063-C9ECDB220A10','SWAP',1),
	  ('d0c4e0c0-aae6-4a39-83f7-13a786d69087','FX SPOT',1),
	  ('f83b38ee-817d-49bf-ae5e-13efc3f622a0','FX FORWARD',1),
	  ('e70c3d05-827d-47d9-87b3-dea6924c860f','FX SWAP',1)

/*MA_LIMIT*/
INSERT INTO [KKLMDB].[dbo].[MA_LIMIT] ([ID], [LABEL], [ISACTIVE], [LIMIT_TYPE])
VALUES('dad70777-2a7b-4904-ac69-bb08f200061f','PCE-ALL',1,'P'),
		('384c3da7-32b8-48f5-a53c-617f3c3779a2','PCE-IRD',1,'P'),
		('c5039631-f49d-4ef5-bf15-10e20a9f2e44','PCE-FI',1,'P'),
		('2a065e37-6a0a-48c4-a764-58ce6accdb37','PCE-FX',1,'P'),
		('998449b6-e3c4-457c-90a8-46ea2efe23b6','SET-ALL',1,'S')

/*MA_LIMIT_PRODUCT*/
INSERT INTO [KKLMDB].[dbo].[MA_LIMIT_PRODUCT] ([ID], [PRODUCT_ID], [LIMIT_ID])
VALUES('b776facc-f5fc-4358-a537-1ae919d82a72', 'F85252D1-BC58-4AC6-8B56-2E228FB0A367', 'dad70777-2a7b-4904-ac69-bb08f200061f'),
		('6c323208-c977-43b5-a45c-0410de372748', '7526C942-D034-4186-8063-C9ECDB220A10', 'dad70777-2a7b-4904-ac69-bb08f200061f'),
		('73564e01-ad13-42a2-82cd-57133171d784', 'd0c4e0c0-aae6-4a39-83f7-13a786d69087', 'dad70777-2a7b-4904-ac69-bb08f200061f'),
		('6b039be1-8f52-46d1-a397-d5bdb83d84b6', 'f83b38ee-817d-49bf-ae5e-13efc3f622a0', 'dad70777-2a7b-4904-ac69-bb08f200061f'),
		('771fc272-0cfa-4485-90ff-65239dcd29f5', 'e70c3d05-827d-47d9-87b3-dea6924c860f', 'dad70777-2a7b-4904-ac69-bb08f200061f'),
		('4df105c0-43b6-4efe-8b0f-36fa91158f4b', 'F85252D1-BC58-4AC6-8B56-2E228FB0A367', 'c5039631-f49d-4ef5-bf15-10e20a9f2e44'),
		('e774a9d4-23b5-4656-ba66-575399a62606', '7526C942-D034-4186-8063-C9ECDB220A10', '384c3da7-32b8-48f5-a53c-617f3c3779a2'),
		('9cb74b82-cb40-4684-9a74-20dd755ff1f8', 'd0c4e0c0-aae6-4a39-83f7-13a786d69087', '2a065e37-6a0a-48c4-a764-58ce6accdb37'),
		('a4619080-9764-41c0-9dc0-26f535136575', 'f83b38ee-817d-49bf-ae5e-13efc3f622a0', '2a065e37-6a0a-48c4-a764-58ce6accdb37'),
		('b9085787-c281-41fe-a643-c52e6d1cb9bf', 'e70c3d05-827d-47d9-87b3-dea6924c860f', '2a065e37-6a0a-48c4-a764-58ce6accdb37'),
		('b3f9e8a1-c727-4a8b-bd9d-9b66acee9716', '7526C942-D034-4186-8063-C9ECDB220A10', '998449b6-e3c4-457c-90a8-46ea2efe23b6'),
		('9b2e0bb7-b678-4ac9-b5ab-6a0394bf6fe8', 'd0c4e0c0-aae6-4a39-83f7-13a786d69087', '998449b6-e3c4-457c-90a8-46ea2efe23b6'),
		('0899ac99-e53e-43b5-9381-1d38c44de428', 'f83b38ee-817d-49bf-ae5e-13efc3f622a0', '998449b6-e3c4-457c-90a8-46ea2efe23b6'),
		('daff1add-3c76-4382-83c2-d2ffb1b22dcf', 'e70c3d05-827d-47d9-87b3-dea6924c860f', '998449b6-e3c4-457c-90a8-46ea2efe23b6')

/*MA_PORTFOLIO*/
INSERT INTO [KKLMDB].[dbo].[MA_PORTFOLIO] ([ID], [LABEL], [ISACTIVE])
VALUES('10b05442-9aa0-4ca9-8fd4-048af7098173', 'TRADING', 1),
		('6b3fc083-c023-47fb-a5a8-ba6375de766c', 'BANKING', 1)

--MA_CURRENCY
INSERT INTO MA_CURRENCY (ID, LABEL, ISACTIVE) VALUES
	('0d85549b-7981-49cd-b252-1df1f39e846b', 'AED', '1'), 
	('1b15a3f8-0b14-454b-916a-7cecdb759edf', 'AUD', '1'), 
	('ee45944b-a813-413d-84fe-3243e9881cd9', 'CAD', '1'), 
	('c9b62592-e7d2-4f52-baf2-c4adda992a4d', 'CHF', '1'), 
	('22d5fb29-ccf3-4930-9458-fbd404658d14', 'CNY', '1'), 
	('6a0ff789-eb3c-48d8-814a-f4625e226b3e', 'DKK', '1'), 
	('a8882750-4983-4160-aa8a-2b0d1d1a8d4b', 'EUR', '1'), 
	('a088c969-974c-46ff-9de9-877de6244e17', 'GBP', '1'), 
	('4a148cb1-faff-4d95-9328-b99419df7f3b', 'HKD', '1'), 
	('385553c1-adca-45c5-8c9c-e3610b7fa2a5', 'JPY', '1'), 
	('2ab73875-2613-48a1-ad44-8783c1b7bc84', 'MYR', '1'), 
	('34ccaa73-16b1-49ee-8b47-73f00fa681a7', 'NOK', '1'), 
	('7e5dbe2f-711e-4654-9ae3-53b218838b34', 'NZD', '1'), 
	('84da407d-3f76-446f-a12e-8a4941f20f18', 'SEK', '1'), 
	('7ba60241-75d0-4726-879d-0c9821d3908c', 'SGD', '1'), 
	('825f343b-caea-409b-ae92-cca2dab3765e', 'THB', '1'), 
	('13dfb76d-a0a2-47ac-821c-3ba30d52cb11', 'USD', '1')


--MA_PCCF
INSERT INTO MA_PCCF(ID, LABEL, PRODUCT_ID, C1, C2, C3, C4, C5, C6, C7, C8, C9, C10, C11, C12, C13, C14, C15, C16, C17, C18, C19, C20, more20, CURRENCY_ID1, CURRENCY_ID2, FLAG_MULTIPLY, [DEFAULT], ISACTIVE, LOG_INSERTBYUSERID, LOG_INSERTDATE, LOG_MODIFYBYUSERID, LOG_MODIFYDATE, C0D, C1D) VALUES
('9dcb005c-b1c0-45d7-9b2a-11023d05ad6c', 'EUR/THB', 'd0c4e0c0-aae6-4a39-83f7-13a786d69087', NULL, NULL, NULL, NULL, NULL, NULL, NULL, NULL, NULL, NULL, NULL, NULL, NULL, NULL, NULL, NULL, NULL, NULL, NULL, NULL, NULL, 'a8882750-4983-4160-aa8a-2b0d1d1a8d4b', '825f343b-caea-409b-ae92-cca2dab3765e', '1', 1.50, '1', 'a0b03fb8-d529-4baa-b04a-bed3f81c8ae0', GETDATE(), NULL, NULL, NULL, NULL), 
('cf29bffe-a81a-4b09-88ba-19d8dfb8d7ff', 'USD/JPY', 'd0c4e0c0-aae6-4a39-83f7-13a786d69087', NULL, NULL, NULL, NULL, NULL, NULL, NULL, NULL, NULL, NULL, NULL, NULL, NULL, NULL, NULL, NULL, NULL, NULL, NULL, NULL, NULL, '13dfb76d-a0a2-47ac-821c-3ba30d52cb11', '385553c1-adca-45c5-8c9c-e3610b7fa2a5', '1', 1.50, '1', 'a0b03fb8-d529-4baa-b04a-bed3f81c8ae0', GETDATE(), NULL, NULL, NULL, NULL), 
('225f6437-c0c8-4f62-8ef2-26b3ca1e9271', 'EUR/USD', 'd0c4e0c0-aae6-4a39-83f7-13a786d69087', NULL, NULL, NULL, NULL, NULL, NULL, NULL, NULL, NULL, NULL, NULL, NULL, NULL, NULL, NULL, NULL, NULL, NULL, NULL, NULL, NULL, 'a8882750-4983-4160-aa8a-2b0d1d1a8d4b', '13dfb76d-a0a2-47ac-821c-3ba30d52cb11', '1', 1.50, '1', 'a0b03fb8-d529-4baa-b04a-bed3f81c8ae0', GETDATE(), NULL, NULL, NULL, NULL), 
('53f661ae-9332-466b-af5d-2ca6ba18b5d1', 'EUR/JPY', 'd0c4e0c0-aae6-4a39-83f7-13a786d69087', NULL, NULL, NULL, NULL, NULL, NULL, NULL, NULL, NULL, NULL, NULL, NULL, NULL, NULL, NULL, NULL, NULL, NULL, NULL, NULL, NULL, 'a8882750-4983-4160-aa8a-2b0d1d1a8d4b', '385553c1-adca-45c5-8c9c-e3610b7fa2a5', '1', 1.50, '1', 'a0b03fb8-d529-4baa-b04a-bed3f81c8ae0', GETDATE(), NULL, NULL, NULL, NULL), 
('11b83cde-eca9-49df-aaa3-42f861d4314f', 'USD/THB', 'd0c4e0c0-aae6-4a39-83f7-13a786d69087', NULL, NULL, NULL, NULL, NULL, NULL, NULL, NULL, NULL, NULL, NULL, NULL, NULL, NULL, NULL, NULL, NULL, NULL, NULL, NULL, NULL, '13dfb76d-a0a2-47ac-821c-3ba30d52cb11', '825f343b-caea-409b-ae92-cca2dab3765e', '1', 0.50, '1', 'a0b03fb8-d529-4baa-b04a-bed3f81c8ae0', GETDATE(), NULL, NULL, NULL, NULL), 
('84ed6ebf-9cf2-4d4d-8fb5-e2b3d7f55b29', 'JPY/THB', 'd0c4e0c0-aae6-4a39-83f7-13a786d69087', NULL, NULL, NULL, NULL, NULL, NULL, NULL, NULL, NULL, NULL, NULL, NULL, NULL, NULL, NULL, NULL, NULL, NULL, NULL, NULL, NULL, '385553c1-adca-45c5-8c9c-e3610b7fa2a5', '825f343b-caea-409b-ae92-cca2dab3765e', '1', 1.50, '1', 'a0b03fb8-d529-4baa-b04a-bed3f81c8ae0', GETDATE(), NULL, NULL, NULL, NULL), 
('859040de-d114-4812-a035-8e5a454b49e0', 'EUR/JPY', 'f83b38ee-817d-49bf-ae5e-13efc3f622a0', 4.25, 5.50, 6.75, 10.50, 10.50, 10.50, 14.25, 14.25, 14.25, 16.00, 16.00, 16.00, 16.00, NULL, NULL, NULL, NULL, NULL, NULL, NULL, NULL, 'a8882750-4983-4160-aa8a-2b0d1d1a8d4b', '385553c1-adca-45c5-8c9c-e3610b7fa2a5', '1', NULL, '1', 'a0b03fb8-d529-4baa-b04a-bed3f81c8ae0', GETDATE(), NULL, NULL, NULL, NULL), 
('89d31f6d-583f-4a94-bb37-92e7e3daf663', 'USD/THB', 'f83b38ee-817d-49bf-ae5e-13efc3f622a0', 2.50, 3.75, 5.00, 7.25, 7.25, 7.25, 8.75, 8.75, 8.75, 10.25, 10.25, 10.25, 10.25, NULL, NULL, NULL, NULL, NULL, NULL, NULL, NULL, '13dfb76d-a0a2-47ac-821c-3ba30d52cb11', '825f343b-caea-409b-ae92-cca2dab3765e', '1', NULL, '1', 'a0b03fb8-d529-4baa-b04a-bed3f81c8ae0', GETDATE(), NULL, NULL, NULL, NULL), 
('066ae10e-d7f4-46b9-a113-b29d75cdc705', 'USD/JPY', 'f83b38ee-817d-49bf-ae5e-13efc3f622a0', 3.75, 5.25, 6.50, 9.00, 9.00, 9.00, 9.50, 9.50, 9.50, 11.00, 11.00, 11.00, 11.00, NULL, NULL, NULL, NULL, NULL, NULL, NULL, NULL, '13dfb76d-a0a2-47ac-821c-3ba30d52cb11', '385553c1-adca-45c5-8c9c-e3610b7fa2a5', '1', NULL, '1', 'a0b03fb8-d529-4baa-b04a-bed3f81c8ae0', GETDATE(), NULL, NULL, NULL, NULL), 
('326cd44f-de70-4c13-899f-b806a1ff61f8', 'EUR/USD', 'f83b38ee-817d-49bf-ae5e-13efc3f622a0', 4.25, 6.00, 7.50, 10.50, 10.50, 10.50, 13.50, 13.50, 13.50, 16.25, 16.25, 16.25, 16.25, NULL, NULL, NULL, NULL, NULL, NULL, NULL, NULL, 'a8882750-4983-4160-aa8a-2b0d1d1a8d4b', '13dfb76d-a0a2-47ac-821c-3ba30d52cb11', '1', NULL, '1', 'a0b03fb8-d529-4baa-b04a-bed3f81c8ae0', GETDATE(), NULL, NULL, NULL, NULL), 
('e508b53f-477a-4b80-9918-cae5a72cce5e', 'JPY/THB', 'f83b38ee-817d-49bf-ae5e-13efc3f622a0', 3.75, 5.75, 7.25, 11.00, 11.00, 11.00, 14.00, 14.00, 14.00, 16.75, 16.75, 16.75, 16.75, NULL, NULL, NULL, NULL, NULL, NULL, NULL, NULL, '385553c1-adca-45c5-8c9c-e3610b7fa2a5', '825f343b-caea-409b-ae92-cca2dab3765e', '1', NULL, '1', 'a0b03fb8-d529-4baa-b04a-bed3f81c8ae0', GETDATE(), NULL, NULL, NULL, NULL), 
('695ef5bb-38d0-48f8-897f-ecc296785332', 'EUR/THB', 'f83b38ee-817d-49bf-ae5e-13efc3f622a0', 3.50, 4.75, 5.75, 8.25, 8.25, 8.25, 9.50, 9.50, 9.50, 11.00, 11.00, 11.00, 11.00, NULL, NULL, NULL, NULL, NULL, NULL, NULL, NULL, 'a8882750-4983-4160-aa8a-2b0d1d1a8d4b', '825f343b-caea-409b-ae92-cca2dab3765e', '1', NULL, '1', 'a0b03fb8-d529-4baa-b04a-bed3f81c8ae0', GETDATE(), NULL, NULL, NULL, NULL), 
('37161cd5-e3ee-4981-9d88-04e3294d7348', 'FI_TH_GOV', 'f85252d1-bc58-4ac6-8b56-2e228fb0a367', 0.25, 0.25, 0.25, 1.25, 1.25, 1.25, 1.25, 1.25, 1.25, 1.25, 1.50, 1.50, 1.50, 1.50, 1.50, 1.50, 1.50, 1.50, 1.50, 1.50, 3.00, NULL, NULL, '0', NULL, '1', 'a0b03fb8-d529-4baa-b04a-bed3f81c8ae0', GETDATE(), NULL, NULL, NULL, NULL), 
('b93ba033-6a30-4f8d-bddc-e47a565760c9', 'FI_TH_CORP', 'f85252d1-bc58-4ac6-8b56-2e228fb0a367', 0.50, 0.50, 0.50, 2.00, 2.00, 2.00, 2.00, 2.00, 2.00, 2.00, 5.00, 5.00, 5.00, 5.00, 5.00, 5.00, 5.00, 5.00, 5.00, 5.00, 6.00, NULL, NULL, '0', NULL, '1', 'a0b03fb8-d529-4baa-b04a-bed3f81c8ae0', GETDATE(), NULL, NULL, NULL, NULL), 
('3106c68e-a124-4873-b5fa-2a8d98a6c082', 'KK_PF_BS', '7526c942-d034-4186-8063-c9ecdb220a10', 0.50, 2.25, 4.00, 5.25, 6.00, 10.00, 10.00, 12.50, 12.50, 12.50, NULL, NULL, NULL, NULL, NULL, NULL, NULL, NULL, NULL, NULL, NULL, NULL, NULL, '0', NULL, '1', 'a0b03fb8-d529-4baa-b04a-bed3f81c8ae0', GETDATE(), NULL, NULL, NULL, NULL), 
('242c421c-ec63-4aae-94ec-5f950c042c12', 'BOT_IRD', '7526c942-d034-4186-8063-c9ecdb220a10', 0.50, 1.00, 2.00, 3.00, 4.00, 5.00, 6.00, 7.00, 8.00, 9.00, NULL, NULL, NULL, NULL, NULL, NULL, NULL, NULL, NULL, NULL, NULL, NULL, NULL, '0', NULL, '1', 'a0b03fb8-d529-4baa-b04a-bed3f81c8ae0', GETDATE(), NULL, NULL, NULL, NULL), 
('0263f7b7-2481-48c5-a021-8d3ecf466ba9', 'KK_RF_CF', '7526c942-d034-4186-8063-c9ecdb220a10', 0.50, 2.25, 4.00, 6.00, 8.00, 12.00, 12.00, 17.50, 17.50, 17.50, NULL, NULL, NULL, NULL, NULL, NULL, NULL, NULL, NULL, NULL, NULL, NULL, NULL, '0', NULL, '1', 'a0b03fb8-d529-4baa-b04a-bed3f81c8ae0', GETDATE(), NULL, NULL, NULL, NULL), 
('663062b3-0531-47c5-a9a9-3ab315f831ee', 'EUR/JPY', 'e70c3d05-827d-47d9-87b3-dea6924c860f', 4.25, 5.50, 6.75, 10.50, 10.50, 10.50, 14.25, 14.25, 14.25, 16.00, 16.00, 16.00, 16.00, NULL, NULL, NULL, NULL, NULL, NULL, NULL, NULL, 'a8882750-4983-4160-aa8a-2b0d1d1a8d4b', '385553c1-adca-45c5-8c9c-e3610b7fa2a5', '1', 1.50, '1', 'a0b03fb8-d529-4baa-b04a-bed3f81c8ae0', GETDATE(), NULL, NULL, 1.50, 1.50), 
('2fd900a2-5fb4-4b87-90aa-7c0728b40c40', 'EUR/THB', 'e70c3d05-827d-47d9-87b3-dea6924c860f', 3.50, 4.75, 5.75, 8.25, 8.25, 8.25, 9.50, 9.50, 9.50, 11.00, 11.00, 11.00, 11.00, NULL, NULL, NULL, NULL, NULL, NULL, NULL, NULL, 'a8882750-4983-4160-aa8a-2b0d1d1a8d4b', '825f343b-caea-409b-ae92-cca2dab3765e', '1', 1.50, '1', 'a0b03fb8-d529-4baa-b04a-bed3f81c8ae0', GETDATE(), NULL, NULL, 1.25, 1.25), 
('57167150-7b51-4a81-9b0c-8f83b9397320', 'JPY/THB', 'e70c3d05-827d-47d9-87b3-dea6924c860f', 3.75, 5.75, 7.25, 11.00, 11.00, 11.00, 14.00, 14.00, 14.00, 16.75, 16.75, 16.75, 16.75, NULL, NULL, NULL, NULL, NULL, NULL, NULL, NULL, '385553c1-adca-45c5-8c9c-e3610b7fa2a5', '825f343b-caea-409b-ae92-cca2dab3765e', '1', 1.50, '1', 'a0b03fb8-d529-4baa-b04a-bed3f81c8ae0', GETDATE(), NULL, NULL, 1.25, 1.25), 
('3fbef638-8169-4788-aac2-acfcf4be49af', 'EUR/USD', 'e70c3d05-827d-47d9-87b3-dea6924c860f', 4.25, 6.00, 7.50, 10.50, 10.50, 10.50, 13.50, 13.50, 13.50, 16.25, 16.25, 16.25, 16.25, NULL, NULL, NULL, NULL, NULL, NULL, NULL, NULL, 'a8882750-4983-4160-aa8a-2b0d1d1a8d4b', '13dfb76d-a0a2-47ac-821c-3ba30d52cb11', '1', 1.50, '1', 'a0b03fb8-d529-4baa-b04a-bed3f81c8ae0', GETDATE(), NULL, NULL, 1.25, 1.25), 
('87638f74-d857-4b1f-8bcf-be5d9c460e97', 'USD/JPY', 'e70c3d05-827d-47d9-87b3-dea6924c860f', 3.75, 5.25, 6.50, 9.00, 9.00, 9.00, 9.50, 9.50, 9.50, 11.00, 11.00, 11.00, 11.00, NULL, NULL, NULL, NULL, NULL, NULL, NULL, NULL, '13dfb76d-a0a2-47ac-821c-3ba30d52cb11', '385553c1-adca-45c5-8c9c-e3610b7fa2a5', '1', 1.50, '1', 'a0b03fb8-d529-4baa-b04a-bed3f81c8ae0', GETDATE(), NULL, NULL, 1.25, 1.25), 
('f8389313-8ad0-4f13-9bf8-e9c352888f15', 'USD/THB', 'e70c3d05-827d-47d9-87b3-dea6924c860f', 2.50, 3.75, 5.00, 7.25, 7.25, 7.25, 8.75, 8.75, 8.75, 10.25, 10.25, 10.25, 10.25, NULL, NULL, NULL, NULL, NULL, NULL, NULL, NULL, '13dfb76d-a0a2-47ac-821c-3ba30d52cb11', '825f343b-caea-409b-ae92-cca2dab3765e', '1', 0.50, '1', 'a0b03fb8-d529-4baa-b04a-bed3f81c8ae0', GETDATE(), NULL, NULL, 0.75, 0.75)

--MA_STATUS
INSERT INTO MA_STATUS (ID, LABEL, ISACTIVE)
VALUES ('9161ed18-1298-44fa-ba7d-34522cb40d66', 'OPEN', 1)

INSERT INTO MA_STATUS (ID, LABEL, ISACTIVE)
VALUES ('83830862-ebe4-479b-af9e-ef11b24993ce', 'MATCHED', 1)

INSERT INTO MA_STATUS (ID, LABEL, ISACTIVE)
VALUES ('1ccd7506-b98c-4afa-838e-24378d9b3c2e', 'CANCELLED', 1)

--MA_INSTRUMENT
INSERT INTO MA_INSTRUMENT (ID, LABEL, INS_MKT, ISSUER, LOT_SIZE, COUPON, MATURITY_DATE, CAL_METHOD, ISACTIVE, PRODUCT_ID, FLAG_FIXED, COUPON_FREQ_TYPE_ID, LOG_INSERTBYUSERID, LOG_INSERTDATE, LOG_MODIFYBYUSERID, LOG_MODIFYDATE) VALUES
('33f88eb3-46c0-4667-bcf6-05426321b71b', 'EUR/THB', NULL, NULL, NULL, NULL, NULL, NULL, '1', 'd0c4e0c0-aae6-4a39-83f7-13a786d69087', '0', NULL, 'a0b03fb8-d529-4baa-b04a-bed3f81c8ae0', GETDATE(), NULL, NULL), 
('2a56a89a-33f0-4751-becc-350052d1842c', 'USD/THB', NULL, NULL, NULL, NULL, NULL, NULL, '1', 'd0c4e0c0-aae6-4a39-83f7-13a786d69087', '0', NULL, 'a0b03fb8-d529-4baa-b04a-bed3f81c8ae0', GETDATE(), NULL, NULL), 
('eb098cec-2383-4769-80b7-3a200bf7d1fd', 'EUR/USD', NULL, NULL, NULL, NULL, NULL, NULL, '1', 'd0c4e0c0-aae6-4a39-83f7-13a786d69087', '0', NULL, 'a0b03fb8-d529-4baa-b04a-bed3f81c8ae0', GETDATE(), NULL, NULL), 
('001811b8-a4d5-4e06-ab54-4759ca2fa713', 'USD/JPY', NULL, NULL, NULL, NULL, NULL, NULL, '1', 'd0c4e0c0-aae6-4a39-83f7-13a786d69087', '0', NULL, 'a0b03fb8-d529-4baa-b04a-bed3f81c8ae0', GETDATE(), NULL, NULL), 
('fb7a888a-7d8d-4ade-b1a5-4dd286a1d20c', 'EUR/JPY', NULL, NULL, NULL, NULL, NULL, NULL, '1', 'd0c4e0c0-aae6-4a39-83f7-13a786d69087', '0', NULL, 'a0b03fb8-d529-4baa-b04a-bed3f81c8ae0', GETDATE(), NULL, NULL), 
('0f2ea625-695a-421e-881d-cc43a5c77ae2', 'JPY/THB', NULL, NULL, NULL, NULL, NULL, NULL, '1', 'd0c4e0c0-aae6-4a39-83f7-13a786d69087', '0', NULL, 'a0b03fb8-d529-4baa-b04a-bed3f81c8ae0', GETDATE(), NULL, NULL), 
('ca29a2d5-d62b-4166-859c-56a72fce574a', 'JPY/THB', NULL, NULL, NULL, NULL, NULL, NULL, '1', 'f83b38ee-817d-49bf-ae5e-13efc3f622a0', '0', NULL, 'a0b03fb8-d529-4baa-b04a-bed3f81c8ae0', GETDATE(), NULL, NULL), 
('2b5ce2ed-546d-44af-b385-86f8403f6184', 'USD/JPY', NULL, NULL, NULL, NULL, NULL, NULL, '1', 'f83b38ee-817d-49bf-ae5e-13efc3f622a0', '0', NULL, 'a0b03fb8-d529-4baa-b04a-bed3f81c8ae0', GETDATE(), NULL, NULL), 
('5d5bb6ca-5005-4afe-80ce-99e9f8121972', 'EUR/USD', NULL, NULL, NULL, NULL, NULL, NULL, '1', 'f83b38ee-817d-49bf-ae5e-13efc3f622a0', '0', NULL, 'a0b03fb8-d529-4baa-b04a-bed3f81c8ae0', GETDATE(), NULL, NULL), 
('063765ad-9185-4dc6-b0f4-b146127cca34', 'EUR/THB', NULL, NULL, NULL, NULL, NULL, NULL, '1', 'f83b38ee-817d-49bf-ae5e-13efc3f622a0', '0', NULL, 'a0b03fb8-d529-4baa-b04a-bed3f81c8ae0', GETDATE(), NULL, NULL), 
('8af9318b-03ba-45ed-93d3-c1dd1c2708e0', 'EUR/JPY', NULL, NULL, NULL, NULL, NULL, NULL, '1', 'f83b38ee-817d-49bf-ae5e-13efc3f622a0', '0', NULL, 'a0b03fb8-d529-4baa-b04a-bed3f81c8ae0', GETDATE(), NULL, NULL), 
('95c38551-e2c1-435a-b503-dbcade287edf', 'USD/THB', NULL, NULL, NULL, NULL, NULL, NULL, '1', 'f83b38ee-817d-49bf-ae5e-13efc3f622a0', '0', NULL, 'a0b03fb8-d529-4baa-b04a-bed3f81c8ae0', GETDATE(), NULL, NULL), 
('ecdf9f08-69e6-467e-919b-cfe3fcf39eeb', 'IRS', NULL, NULL, NULL, NULL, NULL, NULL, '1', '7526c942-d034-4186-8063-c9ecdb220a10', '0', NULL, 'a0b03fb8-d529-4baa-b04a-bed3f81c8ae0', GETDATE(), NULL, NULL), 
('7a52494a-16c1-4836-8f34-254ca44da89b', 'USD/THB', NULL, NULL, NULL, NULL, NULL, NULL, '1', 'e70c3d05-827d-47d9-87b3-dea6924c860f', '0', NULL, 'a0b03fb8-d529-4baa-b04a-bed3f81c8ae0', GETDATE(), NULL, NULL), 
('84db5665-c592-4308-b846-679d565d2cfa', 'JPY/THB', NULL, NULL, NULL, NULL, NULL, NULL, '1', 'e70c3d05-827d-47d9-87b3-dea6924c860f', '0', NULL, 'a0b03fb8-d529-4baa-b04a-bed3f81c8ae0', GETDATE(), NULL, NULL), 
('980abc40-2b72-4926-a4d3-75c15b477be5', 'EUR/USD', NULL, NULL, NULL, NULL, NULL, NULL, '1', 'e70c3d05-827d-47d9-87b3-dea6924c860f', '0', NULL, 'a0b03fb8-d529-4baa-b04a-bed3f81c8ae0', GETDATE(), NULL, NULL), 
('8c5762d2-22b3-4130-b6fa-762362bfbdf9', 'EUR/JPY', NULL, NULL, NULL, NULL, NULL, NULL, '1', 'e70c3d05-827d-47d9-87b3-dea6924c860f', '0', NULL, 'a0b03fb8-d529-4baa-b04a-bed3f81c8ae0', GETDATE(), NULL, NULL), 
('95454995-0e24-4992-b28c-8dba0aefe298', 'USD/JPY', NULL, NULL, NULL, NULL, NULL, NULL, '1', 'e70c3d05-827d-47d9-87b3-dea6924c860f', '0', NULL, 'a0b03fb8-d529-4baa-b04a-bed3f81c8ae0', GETDATE(), NULL, NULL), 
('87f33751-975a-4ad5-8b62-f2c60e5f0319', 'EUR/THB', NULL, NULL, NULL, NULL, NULL, NULL, '1', 'e70c3d05-827d-47d9-87b3-dea6924c860f', '0', NULL, 'a0b03fb8-d529-4baa-b04a-bed3f81c8ae0', GETDATE(), NULL, NULL)

--MA_FREQ_TYPE
INSERT INTO MA_FREQ_TYPE (ID, USERCODE, LABEL, ISACTIVE, [INDEX])
VALUES ('54d788ce-a919-44ef-b5c7-80ee53d2c56f', 'A', 'Annually', 1, 1),
		('92d3370d-8a7e-4922-952c-4333f49807d2', 'S', 'Semi-Annually', 1, 2),
		('5428f9a1-c983-4ecb-bc3f-8550cffd344e', 'Q', 'Quarterly', 1, 3),
		('60146bb5-103f-426b-8975-2c70c396ad22', 'M', 'Monthly', 1, 4),
		('17eb4f81-6001-4407-a4cb-a3cdc7d09765', 'W', 'Weekly', 1, 5)

--MA_FUNCTIONAL
INSERT INTO MA_FUNCTIONAL (ID, USERCODE, LABEL, ISACTIVE) VALUES
('007b89db-0eda-4325-9711-043964a8a832', N'ImportOpicsInfo', N'Manual import OPICS deals and cash flows', '1'), 
('19858b15-2737-4d39-a3e9-0fb2d795a974', N'FXForwardEntryInfo', N'Deal FX Forward Entry', '1'), 
('36096eaf-d9be-4227-911d-20cb8920954f', N'FIEntryInfo', N'Deal FI Entry', '1'), 
('1b000bbe-2916-473d-8ff2-3d5f576e2182', N'PCCFInfo', N'PCCF Information', '1'), 
('20b30b5b-7d40-4fb8-8e81-3de7272d9a13', N'ReconcileInfo', N'Deal Reconciliation', '1'), 
('5a6c23e7-3392-44c6-bd00-4698fe10962b', N'SwapEntryInfo', N'Deal SWAP Entry', '1'), 
('a13904f8-e199-4a57-bc15-53904badd285', N'LimitMaster', N'Limit Master', '1'), 
('a1dd2a7e-196f-4c7f-b837-570bf15e613d', N'SpotRateMaster', N'Spot rate Master', '1'), 
('aa1e71cc-587a-49c8-807f-5a9a732c8c66', N'UserFunctionMaster', N'Functional Master', '1'), 
('98aeddcc-fc57-4330-8ce3-5ac895fa0b84', N'StatusMaster', N'Status Master', '1'), 
('960715a1-4280-4b6e-bdfb-78ceca37eb6e', N'CounterpartyInfo', N'Counterparty & Limit Management', '1'), 
('58d9d45f-b311-42fb-8835-8c1f78ebac88', N'UserProfileMaster', N'User Profile Master', '1'), 
('34775aad-74b4-454b-a345-90b5bb4946d0', N'InstrumentsMaster', N'Instruments Master', '1'), 
('fc6acd95-8124-496e-9eea-964ea5bc6171', N'PCEReport', N'PCE Report', '1'), 
('83368f91-869e-45ed-b27a-978df3e4b84b', N'DealView', N'Deal Inquiry', '1'), 
('95d4b00f-6352-41c8-bb3e-9e4a956a486f', N'FrequencyMaster', N'Frequency Master', '1'), 
('1c8ee6cb-4830-49a1-a130-9f5b13fe5f05', N'FXSwapEntryInfo', N'Deal FX Swap Entry', '1'), 
('a1780cbb-00b1-4582-9141-a4748f336768', N'FXSpotEntryInfo', N'Deal FX Spot Entry', '1'), 
('d79efba0-5aeb-494f-a3ab-adc7be4528ee', N'BondInstrumentInfo', N'Bond Instrument Management', '1'), 
('86c7904f-191c-4a49-93e4-ae3f29bccf77', N'PortfolioMaster', N'Portfolio Master', '1'), 
('de71661e-939d-41c2-8eaf-c41c323919b7', N'CurrencyMaster', N'Currency Master', '1'), 
('15d799cb-03fc-4f92-bef1-c4aade80ddad', N'ProductMaster', N'Product Master', '1'), 
('a6c2c827-27cf-4616-bf70-ca2702d7ced4', N'PCEDetailReport', N'PCE Detail Report', '1'), 
('a23251be-c499-41da-aa46-ca37e00478e4', N'SCEReport', N'SCE Report', '1'), 
('d955990a-06a6-48ba-9d50-d67ddfd6afc4', N'UserProfileFunction', N'User Profile Function Master', '1'), 
('f1f9cf13-4bb3-4246-b283-d9ce12caddb8', N'LimitProduct', N'Limit Product Master', '1'), 
('9a9cc217-9e47-48df-9f01-f54630c4d6bb', N'UserMaster', N'User Master', '1'), 
('048112e1-2186-4afb-9967-f74751274447', N'SCEDetailReport', N'SCE Detail Report', '1')

--MA_PROFILE_FUNCTIONAL
INSERT INTO MA_PROFILE_FUNCTIONAL(ID, USER_PROFILE_ID, FUNCTIONAL_ID, ISREADABLE, ISWRITABLE, ISAPPROVABLE) VALUES
('971b6ba4-f18d-4867-a23d-016224246444', 'e0e5d39b-c449-4d77-b1ba-c44fc03950c0', 'fc6acd95-8124-496e-9eea-964ea5bc6171', '1', '0', '0'), 
('1ed7a1c2-f333-4488-a942-033ba5ae79b8', '47403724-2ae4-4334-b244-35439cd28442', 'd955990a-06a6-48ba-9d50-d67ddfd6afc4', '1', '1', '0'), 
('9f77101c-f53b-4346-9268-0a6001be7cde', '47403724-2ae4-4334-b244-35439cd28442', 'a6c2c827-27cf-4616-bf70-ca2702d7ced4', '1', '0', '0'), 
('97d04dcd-86e6-4344-9989-0ac025b7d858', '245f94ac-3cbe-4d59-9204-c44a76fedefe', 'a1780cbb-00b1-4582-9141-a4748f336768', '1', '1', '1'), 
('4b3e1266-c8b9-47b0-ab53-0edb1b98875b', 'e0e5d39b-c449-4d77-b1ba-c44fc03950c0', '83368f91-869e-45ed-b27a-978df3e4b84b', '1', '0', '0'), 
('f2e7a10b-7981-4821-8b56-16f8dcc8b06b', '47403724-2ae4-4334-b244-35439cd28442', '1b000bbe-2916-473d-8ff2-3d5f576e2182', '1', '1', '0'), 
('b273d144-6cac-4dae-a702-1b66f655af22', '87ac4a18-4363-413b-8998-8f33d904f258', '19858b15-2737-4d39-a3e9-0fb2d795a974', '1', '1', '0'), 
('e939144d-fd89-45b1-8993-1df3545a1c92', '245f94ac-3cbe-4d59-9204-c44a76fedefe', '1c8ee6cb-4830-49a1-a130-9f5b13fe5f05', '1', '1', '1'), 
('6f4c438e-b0c2-455a-b5c9-256508f70033', '87ac4a18-4363-413b-8998-8f33d904f258', 'a6c2c827-27cf-4616-bf70-ca2702d7ced4', '1', '0', '0'), 
('937af4fb-10f8-476e-89a2-286523070774', '47403724-2ae4-4334-b244-35439cd28442', 'fc6acd95-8124-496e-9eea-964ea5bc6171', '1', '0', '0'), 
('855627b7-71f0-4d51-821e-39826fdc01c5', '47403724-2ae4-4334-b244-35439cd28442', 'de71661e-939d-41c2-8eaf-c41c323919b7', '1', '1', '0'), 
('9aa7d1ac-b54c-4143-9c05-39faca313f65', '87ac4a18-4363-413b-8998-8f33d904f258', '36096eaf-d9be-4227-911d-20cb8920954f', '1', '1', '0'), 
('303cd0b1-7ed1-46fb-9d93-4c46dbf7b5d8', '87ac4a18-4363-413b-8998-8f33d904f258', 'a23251be-c499-41da-aa46-ca37e00478e4', '1', '0', '0'), 
('cd71401a-5307-4358-a2d2-504745b1e16f', '87ac4a18-4363-413b-8998-8f33d904f258', 'a1780cbb-00b1-4582-9141-a4748f336768', '1', '1', '0'), 
('28025ab2-da07-4e27-8bee-59fe1601ea74', '245f94ac-3cbe-4d59-9204-c44a76fedefe', '5a6c23e7-3392-44c6-bd00-4698fe10962b', '1', '1', '1'), 
('44ebaa0a-15d9-4f82-84d6-6577bdbbe483', '245f94ac-3cbe-4d59-9204-c44a76fedefe', 'fc6acd95-8124-496e-9eea-964ea5bc6171', '1', '0', '0'), 
('10f88f8c-3c9d-4465-9599-66248dddfa2c', '245f94ac-3cbe-4d59-9204-c44a76fedefe', 'a23251be-c499-41da-aa46-ca37e00478e4', '1', '0', '0'), 
('e0276442-9dea-4295-8930-66741638b4b3', '78400bd2-39d5-4088-8db7-c418b344aa48', 'a23251be-c499-41da-aa46-ca37e00478e4', '1', '0', '0'), 
('bbca0171-2732-41b9-af39-66b3c1628973', 'e0e5d39b-c449-4d77-b1ba-c44fc03950c0', 'a23251be-c499-41da-aa46-ca37e00478e4', '1', '0', '0'), 
('d4643bdf-a59d-42d8-a785-66d89e4e6ebd', '245f94ac-3cbe-4d59-9204-c44a76fedefe', '36096eaf-d9be-4227-911d-20cb8920954f', '1', '1', '1'), 
('5187d785-f153-4bbe-930b-69293381976d', '78400bd2-39d5-4088-8db7-c418b344aa48', 'd79efba0-5aeb-494f-a3ab-adc7be4528ee', '1', '1', '0'), 
('b078ce78-04e5-445b-9e85-6d2b561299db', '47403724-2ae4-4334-b244-35439cd28442', 'aa1e71cc-587a-49c8-807f-5a9a732c8c66', '1', '1', '0'), 
('feb8e9cf-7cf6-42e6-846c-74f45d1e0549', 'e0e5d39b-c449-4d77-b1ba-c44fc03950c0', '048112e1-2186-4afb-9967-f74751274447', '1', '0', '0'), 
('0bf485c2-cc0a-427c-b69a-795ff14990f2', '78400bd2-39d5-4088-8db7-c418b344aa48', '048112e1-2186-4afb-9967-f74751274447', '1', '0', '0'), 
('1c28293b-90ec-4fd0-930e-7d91fdb54334', '245f94ac-3cbe-4d59-9204-c44a76fedefe', '83368f91-869e-45ed-b27a-978df3e4b84b', '1', '1', '0'), 
('73992478-1ece-4ee6-99cf-81609b06ebff', '47403724-2ae4-4334-b244-35439cd28442', '58d9d45f-b311-42fb-8835-8c1f78ebac88', '1', '1', '0'), 
('d00430e8-5d30-42ae-ba32-8272a22cc0a2', '47403724-2ae4-4334-b244-35439cd28442', '9a9cc217-9e47-48df-9f01-f54630c4d6bb', '1', '1', '0'), 
('43445e1b-7041-4864-aec2-8b02b7b84d14', '87ac4a18-4363-413b-8998-8f33d904f258', 'fc6acd95-8124-496e-9eea-964ea5bc6171', '1', '0', '0'), 
('5da97e88-ab7e-4a20-a64e-9477124db68f', '245f94ac-3cbe-4d59-9204-c44a76fedefe', '19858b15-2737-4d39-a3e9-0fb2d795a974', '1', '1', '1'), 
('9b83d933-b018-4066-9b0e-997c58da8543', '78400bd2-39d5-4088-8db7-c418b344aa48', 'a6c2c827-27cf-4616-bf70-ca2702d7ced4', '1', '0', '0'), 
('68480b4f-b26e-4201-9652-9a8496aba19f', '245f94ac-3cbe-4d59-9204-c44a76fedefe', 'a6c2c827-27cf-4616-bf70-ca2702d7ced4', '1', '0', '0'), 
('58df99bf-1487-4991-ad36-a7d2fb584204', '78400bd2-39d5-4088-8db7-c418b344aa48', 'fc6acd95-8124-496e-9eea-964ea5bc6171', '1', '0', '0'), 
('f3be960d-af85-428e-aea0-b24030a1e922', 'e0e5d39b-c449-4d77-b1ba-c44fc03950c0', 'a6c2c827-27cf-4616-bf70-ca2702d7ced4', '1', '0', '0'), 
('1e915daf-1fe6-47e2-a683-be1c91a4cebb', '47403724-2ae4-4334-b244-35439cd28442', 'a23251be-c499-41da-aa46-ca37e00478e4', '1', '0', '0'), 
('77d70ccb-bc55-491c-b8c3-c06978e127e4', '87ac4a18-4363-413b-8998-8f33d904f258', '1c8ee6cb-4830-49a1-a130-9f5b13fe5f05', '1', '1', '0'), 
('ac63ff37-69e0-4648-932a-c0d3983886ae', '47403724-2ae4-4334-b244-35439cd28442', '007b89db-0eda-4325-9711-043964a8a832', '1', '1', '0'), 
('f409fb94-104b-4bfc-b24d-cb97bdbb706b', '78400bd2-39d5-4088-8db7-c418b344aa48', '960715a1-4280-4b6e-bdfb-78ceca37eb6e', '1', '1', '0'), 
('7c280401-6229-416e-acea-d1cbb79501f9', '245f94ac-3cbe-4d59-9204-c44a76fedefe', '048112e1-2186-4afb-9967-f74751274447', '1', '0', '0'), 
('34d507df-a1b2-4a36-bdbd-e0e31839eaaf', '87ac4a18-4363-413b-8998-8f33d904f258', '048112e1-2186-4afb-9967-f74751274447', '1', '0', '0'), 
('8eb4946b-c517-456e-a3ce-e351174dcdc1', '47403724-2ae4-4334-b244-35439cd28442', '048112e1-2186-4afb-9967-f74751274447', '1', '0', '0'), 
('b30fc548-d5f5-4cb9-851b-e4a2a883a4ba', '87ac4a18-4363-413b-8998-8f33d904f258', '83368f91-869e-45ed-b27a-978df3e4b84b', '1', '1', '0'), 
('547a3046-1ab3-4917-8da3-e4e950eb83ba', '47403724-2ae4-4334-b244-35439cd28442', 'a1dd2a7e-196f-4c7f-b837-570bf15e613d', '1', '1', '0'), 
('031196d8-ede4-4375-bfe3-e6d00cb2c8c3', '47403724-2ae4-4334-b244-35439cd28442', '34775aad-74b4-454b-a345-90b5bb4946d0', '1', '1', '0'), 
('30d1f28c-86dc-4fe5-b602-ec249552c2dd', '78400bd2-39d5-4088-8db7-c418b344aa48', '20b30b5b-7d40-4fb8-8e81-3de7272d9a13', '1', '1', '0'), 
('0b600996-eb37-4f69-bee0-f2e5cd7a40e4', '87ac4a18-4363-413b-8998-8f33d904f258', '5a6c23e7-3392-44c6-bd00-4698fe10962b', '1', '1', '0'), 
('55b1b69c-1fb8-4140-aa01-fae05b0dfedd', '78400bd2-39d5-4088-8db7-c418b344aa48', '83368f91-869e-45ed-b27a-978df3e4b84b', '1', '0', '0'), 
('9bdbc81b-5a6f-4cb9-afcd-fe51422de752', '47403724-2ae4-4334-b244-35439cd28442', '83368f91-869e-45ed-b27a-978df3e4b84b', '1', '0', '0')

--Migration Data
-- Counterparty
INSERT INTO MA_COUTERPARTY  (USERCODE, SNAME, FNAME, BUSINESS, RATE, OUTLOOK, ISACTIVE, ID, LOG_INSERTBYUSERID, LOG_INSERTDATE) VALUES												
(	100217	, 'MFCAMF'	, 'FUNDS UNDER MANAGEMENT OF MFC ASSET MANAGEMENT PUBLIC COMPANY LIMITED'	, 'FUND'	, ''	, ''	,1	, '9c4230a5-63dd-4340-b8eb-263beb5d6128'	, 'a0b03fb8-d529-4baa-b04a-bed3f81c8ae0'	, '20131010'	)	,
(	104351	, 'VIRIYAH'	, 'THE VIRIYAH INSURANCE PUBLIC COMPANY LIMITED'	, 'INSURANCE'	, ''	, ''	,1	, '19e6c895-44ca-42aa-9d38-f25af5f23aed'	, 'a0b03fb8-d529-4baa-b04a-bed3f81c8ae0'	, '20131010'	)	,
(	106751	, 'KBANK'	, 'KASIKORNBANK PUBLIC COMPANY'	, 'BANKING'	, ''	, ''	,1	, '10e14098-c2c5-4483-9a52-f65090f9f6a1'	, 'a0b03fb8-d529-4baa-b04a-bed3f81c8ae0'	, '20131010'	)	,
(	106818	, 'SCB'	, 'SIAM COMMERCIAL BANK PUBLIC COMPANY LIMITED'	, 'BANKING'	, 'A-'	, ''	,1	, '343a0ddc-6ed8-4d00-938b-d38b1bde23d7'	, 'a0b03fb8-d529-4baa-b04a-bed3f81c8ae0'	, '20131010'	)	,
(	107174	, 'UOBT'	, 'UNITED OVERSEAS BANK (THAI) PUBLIC COMPANY LIMITED'	, 'BANKING'	, ''	, ''	,1	, '5fc09878-7270-4bd6-97e2-db69f7595745'	, 'a0b03fb8-d529-4baa-b04a-bed3f81c8ae0'	, '20131010'	)	,
(	107183	, 'CITI'	, 'CITIBANK, N.A.'	, 'BANKING'	, ''	, ''	,1	, '85642454-0596-47b7-9605-795131660ca1'	, 'a0b03fb8-d529-4baa-b04a-bed3f81c8ae0'	, '20131010'	)	,
(	107191	, 'TISCO'	, 'TISCO BANK PUBLIC COMPANY LIMITED'	, 'BANKING'	, ''	, ''	,1	, '8707e586-ec74-496b-829a-b6130b4a541f'	, 'a0b03fb8-d529-4baa-b04a-bed3f81c8ae0'	, '20131010'	)	,
(	107968	, 'RHB'	, 'RHB BANK BERHAD'	, 'BANKING'	, ''	, ''	,1	, 'f93ce0ae-24bc-464a-96a9-b7e68d14e73f'	, 'a0b03fb8-d529-4baa-b04a-bed3f81c8ae0'	, '20131010'	)	,
(	109148	, 'KTB'	, 'KRUNG THAI BANK PUBLIC COMPANY LIMITED'	, 'BANKING'	, ''	, ''	,1	, 'e73d7eda-526a-4932-96b9-dc366541cb84'	, 'a0b03fb8-d529-4baa-b04a-bed3f81c8ae0'	, '20131010'	)	,
(	109385	, 'RBS'	, 'THE ROYAL BANK OF SCOTLAND N.V.'	, 'BANKING'	, ''	, ''	,1	, 'bebd54fe-a071-4f6c-8be1-ace0b74f3698'	, 'a0b03fb8-d529-4baa-b04a-bed3f81c8ae0'	, '20131010'	)	,
(	109534	, 'TMB'	, 'TMB BANK PUBLIC COMPANY LIMITED'	, 'BANKING'	, ''	, ''	,1	, 'c166d3b6-d309-442c-b227-8a52a91d6f7f'	, 'a0b03fb8-d529-4baa-b04a-bed3f81c8ae0'	, '20131010'	)	,
(	109539	, 'SCBT'	, 'STANDARD CHARTERED BANK (THAI) PUBLIC COMPANY LIMITED'	, 'BANKING'	, ''	, ''	,1	, 'bd791921-fab3-4ce7-b333-b3f8a57c07a9'	, 'a0b03fb8-d529-4baa-b04a-bed3f81c8ae0'	, '20131010'	)	,
(	110324	, 'BNPPARIBAS'	, 'BNP PARIBAS'	, 'BANKING'	, ''	, ''	,1	, '0ddbc98d-91ed-4939-b330-8c8ff8e4660a'	, 'a0b03fb8-d529-4baa-b04a-bed3f81c8ae0'	, '20131010'	)	,
(	110432	, 'HSBC'	, 'THE HONGKONG AND SHANGHAI BANKING CORPORATION LIMITED'	, 'BANKING'	, ''	, ''	,1	, '6389e929-719e-499b-a5ec-bbec5e02b169'	, 'a0b03fb8-d529-4baa-b04a-bed3f81c8ae0'	, '20131010'	)	,
(	111443	, 'BAY'	, 'BANK OF AYUDHYA PUBLIC COMPANY LIMITED'	, 'BANKING'	, ''	, ''	,1	, '26686ffd-25de-4f54-a3c9-d8cb8d6b8409'	, 'a0b03fb8-d529-4baa-b04a-bed3f81c8ae0'	, '20131010'	)	,
(	111923	, 'BBL'	, 'BANGKOK BANK PUBLIC COMPANY LIMITED'	, 'BANKING'	, ''	, ''	,1	, '36163613-e37c-4458-b1bb-152c54c2c6fd'	, 'a0b03fb8-d529-4baa-b04a-bed3f81c8ae0'	, '20131010'	)	,
(	111924	, 'BAAC'	, 'BANK FOR AGRICULTURE AND AGRICULTURAL COOPERATIVES'	, 'BANKING'	, ''	, ''	,1	, 'be6f5c87-187f-490c-9247-b133560b2be6'	, 'a0b03fb8-d529-4baa-b04a-bed3f81c8ae0'	, '20131010'	)	,
(	114898	, 'TBANK'	, 'THANACHART BANK PUBLIC COMPANY LIMITED'	, 'BANKING'	, ''	, ''	,1	, 'f3ef8e74-d7d4-4884-9161-5572a2496679'	, 'a0b03fb8-d529-4baa-b04a-bed3f81c8ae0'	, '20131010'	)	,
(	114902	, 'CIMBTHAI'	, 'CIMB THAI BANK PUPBLIC COMPANY LIMITED'	, 'BANKING'	, ''	, ''	,1	, 'e486b553-fb2d-40f2-9826-1f326d59ce43'	, 'a0b03fb8-d529-4baa-b04a-bed3f81c8ae0'	, '20131010'	)	,
(	114903	, 'GSB'	, 'THE GOVERNMENT SAVINGS BANK'	, 'BANKING'	, ''	, ''	,1	, '952e2163-b07b-4c2e-9230-7314ad6d5626'	, 'a0b03fb8-d529-4baa-b04a-bed3f81c8ae0'	, '20131010'	)	,
(	128379	, 'PHATRA'	, 'PHATRA SECURITIES PCL.'	, 'FINACIAL'	, ''	, ''	,1	, '82813bcc-9b57-460d-8d8f-c409e9a1125f'	, 'a0b03fb8-d529-4baa-b04a-bed3f81c8ae0'	, '20131010'	)	,
(	133023	, 'KTAMF'	, 'FUNDS UNDER MANAGEMENT OF KRUNG THAI ASSET MANAGEMENT PUBLIC COMPANY LIMITED'	, 'FUND'	, ''	, ''	,1	, '7d59053d-fbe1-42d7-91f5-77c5d82e632b'	, 'a0b03fb8-d529-4baa-b04a-bed3f81c8ae0'	, '20131010'	)	,
(	155900	, 'AIRA'	, 'AIRA SECURITIES PUBLIC COMPANY LIMITED'	, 'SECURITIES'	, ''	, ''	,1	, '4eab3cf4-1a68-4823-ba42-4576029cc467'	, 'a0b03fb8-d529-4baa-b04a-bed3f81c8ae0'	, '20131010'	)	,
(	159813	, 'KTZMICOSEC'	, 'KT ZMICO SECURITIES COMPANY LIMITED'	, 'SECURITIES'	, ''	, ''	,1	, '056831b2-dbda-4858-9250-84e03f581a9d'	, 'a0b03fb8-d529-4baa-b04a-bed3f81c8ae0'	, '20131010'	)	,
(	167247	, 'KGI'	, 'KGI SECURITIES (THAILAND) PUBLIC COMPANY LIMITED'	, 'SECURITIES'	, ''	, ''	,1	, 'd4e06b58-d15c-40cf-8454-ee0206744656'	, 'a0b03fb8-d529-4baa-b04a-bed3f81c8ae0'	, '20131010'	)	,
(	178406	, 'BOT'	, 'THE BANK OF THAILAND'	, 'BANK'	, ''	, ''	,1	, '40498224-1b62-4ed4-bdcd-f47fc116a20d'	, 'a0b03fb8-d529-4baa-b04a-bed3f81c8ae0'	, '20131010'	)	,
(	189412	, 'KASSETF'	, 'FUNDS UNDER MANAGEMENT OF KASIKORN ASSET MANAGEMENT COMPANY LIMITED'	, 'FUND'	, ''	, ''	,1	, '7f2f39a8-2f36-449e-9af9-d453c1ccd450'	, 'a0b03fb8-d529-4baa-b04a-bed3f81c8ae0'	, '20131010'	)	,
(	189506	, 'ICBCT'	, 'INDUSTRIAL AND COMMERCIAL BANK OF CHINA (THAI) PUBLIC COMPANY LIMITED'	, 'BANKING'	, ''	, ''	,1	, '672607cf-ca83-4daf-924a-d904c768f736'	, 'a0b03fb8-d529-4baa-b04a-bed3f81c8ae0'	, '20131010'	)	,
(	189542	, 'JPMCHASE'	, 'JPMORGAN CHASE BANK, NATIONAL ASSOCIATION'	, 'BANKING'	, ''	, ''	,1	, '74d7ceaa-6ae0-40ae-a52b-9fe2dcd6a707'	, 'a0b03fb8-d529-4baa-b04a-bed3f81c8ae0'	, '20131010'	)	,
(	189548	, 'KSAMF'	, 'FUNDS UNDER MANAGEMENT OF KRUNGSRI ASSET MANAGEMENT COMPANY LIMITED'	, 'FUND'	, ''	, ''	,1	, '6542dfa7-c9f1-4617-888b-91cb55496431'	, 'a0b03fb8-d529-4baa-b04a-bed3f81c8ae0'	, '20131010'	)	,
(	190131	, 'DB'	, 'DEUTSCHE BANK AG.'	, 'BANKING'	, ''	, ''	,1	, 'ebc10552-3d01-486a-8273-635db37f8140'	, 'a0b03fb8-d529-4baa-b04a-bed3f81c8ae0'	, '20131010'	)	,
(	900001	, 'ABERDEENF'	, 'FUNDS UNDER MANAGEMENT OF ABERDEEN ASSET MANAGEMENT COMPANY LIMITED'	, 'FUND'	, ''	, ''	,1	, '23749aed-5f7a-47a6-a14a-472017b6f7bd'	, 'a0b03fb8-d529-4baa-b04a-bed3f81c8ae0'	, '20131010'	)	,
(	900002	, 'AIAF'	, 'FUNDS UNDER MANAGEMENT OF AMERICAN INTERNATIONAL ASSURANCE COMPANY LIMITED'	, 'FUND'	, ''	, ''	,1	, '2479e28b-94d4-43ec-9db7-2fb12f25e712'	, 'a0b03fb8-d529-4baa-b04a-bed3f81c8ae0'	, '20131010'	)	,
(	900003	, 'ASSETPLUSF'	, 'FUNDS UNDER MANAGEMENT OF ASSET PLUS FUND MANAGEMENT COMPANY LIMITED'	, 'FUND'	, ''	, ''	,1	, 'b5b1edc8-babb-47ae-9ba3-959a945b3eba'	, 'a0b03fb8-d529-4baa-b04a-bed3f81c8ae0'	, '20131010'	)	,
(	900004	, 'BBLAMF'	, 'FUNDS UNDER MANAGEMENT OF BBL ASSET MANAGEMENT COMPANY LIMITED'	, 'FUND'	, ''	, ''	,1	, '70a45727-44df-4a2a-8d6d-0fa24a6b25f7'	, 'a0b03fb8-d529-4baa-b04a-bed3f81c8ae0'	, '20131010'	)	,
(	900005	, 'BLSF'	, 'FUNDS UNDER MANAGEMENT OF BUALUANG SECURITIES PUBLIC COMPANY LIMITED'	, 'FUND'	, ''	, ''	,1	, '4595172c-5dcf-47d6-863f-0e871e846e5b'	, 'a0b03fb8-d529-4baa-b04a-bed3f81c8ae0'	, '20131010'	)	,
(	900006	, 'CIMBAMF'	, 'FUNDS UNDER MANAGEMENT OF CIMB-PRINCIPAL ASSET MANAGEMENT COMPANY LIMITED'	, 'FUND'	, ''	, ''	,1	, '137f73f4-b878-499d-baef-1049e9e239ab'	, 'a0b03fb8-d529-4baa-b04a-bed3f81c8ae0'	, '20131010'	)	,
(	900007	, 'FINANSAF'	, 'FUNDS UNDER MANAGEMENT OF FINANSA ASSET MANAGEMENT LIMITED'	, 'FUND'	, ''	, ''	,1	, '0ca3d867-1f4f-42b9-9ec9-0e576816e0f5'	, 'a0b03fb8-d529-4baa-b04a-bed3f81c8ae0'	, '20131010'	)	,
(	900009	, 'LHFUNDF'	, 'FUNDS UNDER MANAGEMENT OF LAND AND HOUSES FUND MANAGEMENT COMPANY LIMITED'	, 'FUND'	, ''	, ''	,1	, '41cc171f-7fbe-49c3-8d1c-917c7e479ce5'	, 'a0b03fb8-d529-4baa-b04a-bed3f81c8ae0'	, '20131010'	)	,
(	900010	, 'MANULIFEF'	, 'FUNDS UNDER MANAGEMENT OF MANULIFE ASSET MANAGEMENT (THAILAND) COMPANY LIMITED'	, 'FUND'	, ''	, ''	,1	, '18091641-0cdc-49e8-8379-549dcec7f05b'	, 'a0b03fb8-d529-4baa-b04a-bed3f81c8ae0'	, '20131010'	)	,
(	900011	, 'ONEASSETF'	, 'FUNDS UNDER MANAGEMENT OF ONE ASSET MANAGEMENT COMPANY LIMITED'	, 'FUND'	, ''	, ''	,1	, '1df90a72-b796-40e5-8703-d59853c8748a'	, 'a0b03fb8-d529-4baa-b04a-bed3f81c8ae0'	, '20131010'	)	,
(	900012	, 'SCBAMF'	, 'FUNDS UNDER MANAGEMENT OF SCB ASSET MANAGEMENT COMPANY LIMITED'	, 'FUND'	, ''	, ''	,1	, 'bab4a245-cbec-48bc-ae7d-6d673613f079'	, 'a0b03fb8-d529-4baa-b04a-bed3f81c8ae0'	, '20131010'	)	,
(	900013	, 'SOLARISF'	, 'FUNDS UNDER MANAGEMENT OF SOLARIS ASSET MANAGEMENT COMPANY LIMITED'	, 'FUND'	, ''	, ''	,1	, 'a10afe49-5862-4903-a5e9-95e132723d36'	, 'a0b03fb8-d529-4baa-b04a-bed3f81c8ae0'	, '20131010'	)	,
(	900014	, 'TFUNDF'	, 'FUNDS UNDER MANAGEMENT OF THANACHART FUND MANAGEMENT COMPANY LIMITED'	, 'FUND'	, ''	, ''	,1	, '152d663e-2fa6-43e8-8903-ac210914b2f8'	, 'a0b03fb8-d529-4baa-b04a-bed3f81c8ae0'	, '20131010'	)	,
(	900015	, 'TISCOAMF'	, 'FUNDS UNDER MANAGEMENT OF TISCO ASSET MANAGEMENT COMPANY LIMITED'	, 'FUND'	, ''	, ''	,1	, '86bc6fa4-f206-4c11-8a79-a1ba33136540'	, 'a0b03fb8-d529-4baa-b04a-bed3f81c8ae0'	, '20131010'	)	,
(	900016	, 'TMBAMF'	, 'FUNDS UNDER MANAGEMENT OF TMB ASSET MANAGEMENT COMPANY LIMITED'	, 'FUND'	, ''	, ''	,1	, '3bdd9f5e-22ca-47bb-b85e-897ce354f471'	, 'a0b03fb8-d529-4baa-b04a-bed3f81c8ae0'	, '20131010'	)	,
(	900017	, 'UOBAMF'	, 'FUNDS UNDER MANAGEMENT OF UOB ASSET MANAGEMENT (THAILAND) COMPANY LIMITED'	, 'FUND'	, ''	, ''	,1	, '58f5c8f0-a58c-47ef-b511-4bfc08ab78c5'	, 'a0b03fb8-d529-4baa-b04a-bed3f81c8ae0'	, '20131010'	)	,
(	900021	, 'CITI_GROUP'	, 'CITI GROUP'	, 'GROUP'	, ''	, ''	,1	, '04b96db7-6521-49d5-ae89-a77b67e61dcd'	, 'a0b03fb8-d529-4baa-b04a-bed3f81c8ae0'	, '20131010'	)	,
(	900022	, 'KBANK_GROUP'	, 'KASIKORNBANK GROUP'	, 'GROUP'	, ''	, ''	,1	, 'e0cb516a-de81-4563-8e71-703ff8b353e0'	, 'a0b03fb8-d529-4baa-b04a-bed3f81c8ae0'	, '20131010'	)	,
(	900023	, 'KTB_GROUP'	, 'KRUNG THAI BANK GROUP'	, 'GROUP'	, ''	, ''	,1	, 'c56ad858-aae2-4c81-a744-d851fc21934d'	, 'a0b03fb8-d529-4baa-b04a-bed3f81c8ae0'	, '20131010'	)	,
(	900024	, 'THAILIFE_GROUP'	, 'THAI LIFE GROUP'	, 'GROUP'	, ''	, ''	,1	, '39096655-69bc-4f5c-bd0c-d1e0c6ba2a9a'	, 'a0b03fb8-d529-4baa-b04a-bed3f81c8ae0'	, '20131010'	)	,
(	900025	, 'AIA'	, 'AMERICAN INTERNATIONAL ASSURANCE COMPANY LIMITED'	, 'INSURANCE'	, ''	, ''	,1	, '521f9382-bd9c-417d-862e-8963107da1d6'	, 'a0b03fb8-d529-4baa-b04a-bed3f81c8ae0'	, '20131010'	)	,
(	900026	, 'BOA'	, 'BANK OF AMERICA, NATIONAL ASSOCIATION'	, 'BANKING'	, ''	, ''	,1	, 'cd428e7b-6b47-4caf-ac6e-387455d149a8'	, 'a0b03fb8-d529-4baa-b04a-bed3f81c8ae0'	, '20131010'	)	,
(	900027	, 'GPF'	, 'GOVERNMENT PENSION FUND'	, 'FUND'	, ''	, ''	,1	, 'aba6c3f3-d6b4-49ea-8a87-43d6056081db'	, 'a0b03fb8-d529-4baa-b04a-bed3f81c8ae0'	, '20131010'	)	,
(	900028	, 'MUANGTHAILIFE'	, 'MUANG THAI LIFE ASSURANCE PUBLIC COMPANY LIMITED'	, 'INSURANCE'	, ''	, ''	,1	, 'ddb93417-c819-4348-9bea-ef7108e7ac20'	, 'a0b03fb8-d529-4baa-b04a-bed3f81c8ae0'	, '20131010'	)	,
(	900029	, 'RBC'	, 'ROYAL BANK OF CANADA'	, 'BANKING'	, ''	, ''	,1	, 'f9655a2d-06b1-47b9-85f4-7615686b5699'	, 'a0b03fb8-d529-4baa-b04a-bed3f81c8ae0'	, '20131010'	)	,
(	900030	, 'SSF'	, 'SOCIAL SECURITY FUND'	, 'FUND'	, ''	, ''	,1	, '7e1cf97e-0959-47ff-8cba-edecd9fb6ad2'	, 'a0b03fb8-d529-4baa-b04a-bed3f81c8ae0'	, '20131010'	)	,
(	900031	, 'THAILIFE'	, 'THAI LIFE INSURANCE COMPANY LIMITED'	, 'INSURANCE'	, ''	, ''	,1	, '1d545514-c4ac-4c6a-abb5-2680a972b793'	, 'a0b03fb8-d529-4baa-b04a-bed3f81c8ae0'	, '20131010'	)	,
(	900032	, 'PASSETF'	, 'FUND UNDER PHATRA ASSET MANAGEMENT'	, 'FUND'	, ''	, ''	,1	, '34ad9121-9fa3-47c0-a5b9-f20f22be2e5e'	, 'a0b03fb8-d529-4baa-b04a-bed3f81c8ae0'	, '20131010'	)	,
(	900050	, 'BARCLAYS'	, 'BARCLAYS BANK PCL.'	, 'BANK'	, ''	, ''	,1	, '87d082fb-906f-4fca-ad85-23ee7840ec29'	, 'a0b03fb8-d529-4baa-b04a-bed3f81c8ae0'	, '20131010'	)	

-- Countparty Limit
INSERT INTO MA_CTPY_LIMIT (ID, LIMIT_ID, FLAG_CONTROL, AMOUNT, EXPIRE_DATE, CTPY_ID, LOG_INSERTBYUSERID, LOG_INSERTDATE) VALUES
( NEWID(), 'dad70777-2a7b-4904-ac69-bb08f200061f', 1, 600000000, '20140801', '9c4230a5-63dd-4340-b8eb-263beb5d6128', 'a0b03fb8-d529-4baa-b04a-bed3f81c8ae0', '20131025'),
( NEWID(), 'c5039631-f49d-4ef5-bf15-10e20a9f2e44', 0, 0, '20131025', '9c4230a5-63dd-4340-b8eb-263beb5d6128', 'a0b03fb8-d529-4baa-b04a-bed3f81c8ae0', '20131025'),
( NEWID(), '2a065e37-6a0a-48c4-a764-58ce6accdb37', 0, 0, '20131025', '9c4230a5-63dd-4340-b8eb-263beb5d6128', 'a0b03fb8-d529-4baa-b04a-bed3f81c8ae0', '20131025'),
( NEWID(), '384c3da7-32b8-48f5-a53c-617f3c3779a2', 0, 0, '20131025', '9c4230a5-63dd-4340-b8eb-263beb5d6128', 'a0b03fb8-d529-4baa-b04a-bed3f81c8ae0', '20131025'),
( NEWID(), '998449b6-e3c4-457c-90a8-46ea2efe23b6', 1, 800000000, '20140801', '9c4230a5-63dd-4340-b8eb-263beb5d6128', 'a0b03fb8-d529-4baa-b04a-bed3f81c8ae0', '20131025'),
( NEWID(), 'dad70777-2a7b-4904-ac69-bb08f200061f', 1, 300000000, '20140801', '19e6c895-44ca-42aa-9d38-f25af5f23aed', 'a0b03fb8-d529-4baa-b04a-bed3f81c8ae0', '20131025'),
( NEWID(), 'c5039631-f49d-4ef5-bf15-10e20a9f2e44', 0, 0, '20131025', '19e6c895-44ca-42aa-9d38-f25af5f23aed', 'a0b03fb8-d529-4baa-b04a-bed3f81c8ae0', '20131025'),
( NEWID(), '2a065e37-6a0a-48c4-a764-58ce6accdb37', 0, 0, '20131025', '19e6c895-44ca-42aa-9d38-f25af5f23aed', 'a0b03fb8-d529-4baa-b04a-bed3f81c8ae0', '20131025'),
( NEWID(), '384c3da7-32b8-48f5-a53c-617f3c3779a2', 0, 0, '20131025', '19e6c895-44ca-42aa-9d38-f25af5f23aed', 'a0b03fb8-d529-4baa-b04a-bed3f81c8ae0', '20131025'),
( NEWID(), '998449b6-e3c4-457c-90a8-46ea2efe23b6', 1, 200000000, '20140801', '19e6c895-44ca-42aa-9d38-f25af5f23aed', 'a0b03fb8-d529-4baa-b04a-bed3f81c8ae0', '20131025'),
( NEWID(), 'dad70777-2a7b-4904-ac69-bb08f200061f', 1, 1850000000, '20140801', '10e14098-c2c5-4483-9a52-f65090f9f6a1', 'a0b03fb8-d529-4baa-b04a-bed3f81c8ae0', '20131025'),
( NEWID(), 'c5039631-f49d-4ef5-bf15-10e20a9f2e44', 0, 0, '20131025', '10e14098-c2c5-4483-9a52-f65090f9f6a1', 'a0b03fb8-d529-4baa-b04a-bed3f81c8ae0', '20131025'),
( NEWID(), '2a065e37-6a0a-48c4-a764-58ce6accdb37', 0, 0, '20131025', '10e14098-c2c5-4483-9a52-f65090f9f6a1', 'a0b03fb8-d529-4baa-b04a-bed3f81c8ae0', '20131025'),
( NEWID(), '384c3da7-32b8-48f5-a53c-617f3c3779a2', 0, 0, '20131025', '10e14098-c2c5-4483-9a52-f65090f9f6a1', 'a0b03fb8-d529-4baa-b04a-bed3f81c8ae0', '20131025'),
( NEWID(), '998449b6-e3c4-457c-90a8-46ea2efe23b6', 1, 800000000, '20140801', '10e14098-c2c5-4483-9a52-f65090f9f6a1', 'a0b03fb8-d529-4baa-b04a-bed3f81c8ae0', '20131025'),
( NEWID(), 'dad70777-2a7b-4904-ac69-bb08f200061f', 1, 1550000000, '20140801', '343a0ddc-6ed8-4d00-938b-d38b1bde23d7', 'a0b03fb8-d529-4baa-b04a-bed3f81c8ae0', '20131025'),
( NEWID(), 'c5039631-f49d-4ef5-bf15-10e20a9f2e44', 0, 0, '20131025', '343a0ddc-6ed8-4d00-938b-d38b1bde23d7', 'a0b03fb8-d529-4baa-b04a-bed3f81c8ae0', '20131025'),
( NEWID(), '2a065e37-6a0a-48c4-a764-58ce6accdb37', 0, 0, '20131025', '343a0ddc-6ed8-4d00-938b-d38b1bde23d7', 'a0b03fb8-d529-4baa-b04a-bed3f81c8ae0', '20131025'),
( NEWID(), '384c3da7-32b8-48f5-a53c-617f3c3779a2', 0, 0, '20131025', '343a0ddc-6ed8-4d00-938b-d38b1bde23d7', 'a0b03fb8-d529-4baa-b04a-bed3f81c8ae0', '20131025'),
( NEWID(), '998449b6-e3c4-457c-90a8-46ea2efe23b6', 1, 600000000, '20140801', '343a0ddc-6ed8-4d00-938b-d38b1bde23d7', 'a0b03fb8-d529-4baa-b04a-bed3f81c8ae0', '20131025'),
( NEWID(), 'dad70777-2a7b-4904-ac69-bb08f200061f', 1, 1550000000, '20140801', '5fc09878-7270-4bd6-97e2-db69f7595745', 'a0b03fb8-d529-4baa-b04a-bed3f81c8ae0', '20131025'),
( NEWID(), 'c5039631-f49d-4ef5-bf15-10e20a9f2e44', 0, 0, '20131025', '5fc09878-7270-4bd6-97e2-db69f7595745', 'a0b03fb8-d529-4baa-b04a-bed3f81c8ae0', '20131025'),
( NEWID(), '2a065e37-6a0a-48c4-a764-58ce6accdb37', 0, 0, '20131025', '5fc09878-7270-4bd6-97e2-db69f7595745', 'a0b03fb8-d529-4baa-b04a-bed3f81c8ae0', '20131025'),
( NEWID(), '384c3da7-32b8-48f5-a53c-617f3c3779a2', 0, 0, '20131025', '5fc09878-7270-4bd6-97e2-db69f7595745', 'a0b03fb8-d529-4baa-b04a-bed3f81c8ae0', '20131025'),
( NEWID(), '998449b6-e3c4-457c-90a8-46ea2efe23b6', 1, 600000000, '20140801', '5fc09878-7270-4bd6-97e2-db69f7595745', 'a0b03fb8-d529-4baa-b04a-bed3f81c8ae0', '20131025'),
( NEWID(), 'dad70777-2a7b-4904-ac69-bb08f200061f', 1, 1800000000, '20140801', '85642454-0596-47b7-9605-795131660ca1', 'a0b03fb8-d529-4baa-b04a-bed3f81c8ae0', '20131025'),
( NEWID(), 'c5039631-f49d-4ef5-bf15-10e20a9f2e44', 0, 0, '20131025', '85642454-0596-47b7-9605-795131660ca1', 'a0b03fb8-d529-4baa-b04a-bed3f81c8ae0', '20131025'),
( NEWID(), '2a065e37-6a0a-48c4-a764-58ce6accdb37', 0, 0, '20131025', '85642454-0596-47b7-9605-795131660ca1', 'a0b03fb8-d529-4baa-b04a-bed3f81c8ae0', '20131025'),
( NEWID(), '384c3da7-32b8-48f5-a53c-617f3c3779a2', 0, 0, '20131025', '85642454-0596-47b7-9605-795131660ca1', 'a0b03fb8-d529-4baa-b04a-bed3f81c8ae0', '20131025'),
( NEWID(), '998449b6-e3c4-457c-90a8-46ea2efe23b6', 1, 1200000000, '20140801', '85642454-0596-47b7-9605-795131660ca1', 'a0b03fb8-d529-4baa-b04a-bed3f81c8ae0', '20131025'),
( NEWID(), 'dad70777-2a7b-4904-ac69-bb08f200061f', 1, 1000000000, '20140801', '8707e586-ec74-496b-829a-b6130b4a541f', 'a0b03fb8-d529-4baa-b04a-bed3f81c8ae0', '20131025'),
( NEWID(), 'c5039631-f49d-4ef5-bf15-10e20a9f2e44', 0, 0, '20131025', '8707e586-ec74-496b-829a-b6130b4a541f', 'a0b03fb8-d529-4baa-b04a-bed3f81c8ae0', '20131025'),
( NEWID(), '2a065e37-6a0a-48c4-a764-58ce6accdb37', 0, 0, '20131025', '8707e586-ec74-496b-829a-b6130b4a541f', 'a0b03fb8-d529-4baa-b04a-bed3f81c8ae0', '20131025'),
( NEWID(), '384c3da7-32b8-48f5-a53c-617f3c3779a2', 0, 0, '20131025', '8707e586-ec74-496b-829a-b6130b4a541f', 'a0b03fb8-d529-4baa-b04a-bed3f81c8ae0', '20131025'),
( NEWID(), '998449b6-e3c4-457c-90a8-46ea2efe23b6', 1, 600000000, '20140801', '8707e586-ec74-496b-829a-b6130b4a541f', 'a0b03fb8-d529-4baa-b04a-bed3f81c8ae0', '20131025'),
( NEWID(), 'dad70777-2a7b-4904-ac69-bb08f200061f', 1, 800000000, '20140801', 'f93ce0ae-24bc-464a-96a9-b7e68d14e73f', 'a0b03fb8-d529-4baa-b04a-bed3f81c8ae0', '20131025'),
( NEWID(), 'c5039631-f49d-4ef5-bf15-10e20a9f2e44', 0, 0, '20131025', 'f93ce0ae-24bc-464a-96a9-b7e68d14e73f', 'a0b03fb8-d529-4baa-b04a-bed3f81c8ae0', '20131025'),
( NEWID(), '2a065e37-6a0a-48c4-a764-58ce6accdb37', 0, 0, '20131025', 'f93ce0ae-24bc-464a-96a9-b7e68d14e73f', 'a0b03fb8-d529-4baa-b04a-bed3f81c8ae0', '20131025'),
( NEWID(), '384c3da7-32b8-48f5-a53c-617f3c3779a2', 0, 0, '20131025', 'f93ce0ae-24bc-464a-96a9-b7e68d14e73f', 'a0b03fb8-d529-4baa-b04a-bed3f81c8ae0', '20131025'),
( NEWID(), '998449b6-e3c4-457c-90a8-46ea2efe23b6', 1, 400000000, '20140801', 'f93ce0ae-24bc-464a-96a9-b7e68d14e73f', 'a0b03fb8-d529-4baa-b04a-bed3f81c8ae0', '20131025'),
( NEWID(), 'dad70777-2a7b-4904-ac69-bb08f200061f', 1, 1850000000, '20140801', 'e73d7eda-526a-4932-96b9-dc366541cb84', 'a0b03fb8-d529-4baa-b04a-bed3f81c8ae0', '20131025'),
( NEWID(), 'c5039631-f49d-4ef5-bf15-10e20a9f2e44', 0, 0, '20131025', 'e73d7eda-526a-4932-96b9-dc366541cb84', 'a0b03fb8-d529-4baa-b04a-bed3f81c8ae0', '20131025'),
( NEWID(), '2a065e37-6a0a-48c4-a764-58ce6accdb37', 0, 0, '20131025', 'e73d7eda-526a-4932-96b9-dc366541cb84', 'a0b03fb8-d529-4baa-b04a-bed3f81c8ae0', '20131025'),
( NEWID(), '384c3da7-32b8-48f5-a53c-617f3c3779a2', 0, 0, '20131025', 'e73d7eda-526a-4932-96b9-dc366541cb84', 'a0b03fb8-d529-4baa-b04a-bed3f81c8ae0', '20131025'),
( NEWID(), '998449b6-e3c4-457c-90a8-46ea2efe23b6', 1, 800000000, '20140801', 'e73d7eda-526a-4932-96b9-dc366541cb84', 'a0b03fb8-d529-4baa-b04a-bed3f81c8ae0', '20131025'),
( NEWID(), 'dad70777-2a7b-4904-ac69-bb08f200061f', 1, 600000000, '20140801', 'bebd54fe-a071-4f6c-8be1-ace0b74f3698', 'a0b03fb8-d529-4baa-b04a-bed3f81c8ae0', '20131025'),
( NEWID(), 'c5039631-f49d-4ef5-bf15-10e20a9f2e44', 0, 0, '20131025', 'bebd54fe-a071-4f6c-8be1-ace0b74f3698', 'a0b03fb8-d529-4baa-b04a-bed3f81c8ae0', '20131025'),
( NEWID(), '2a065e37-6a0a-48c4-a764-58ce6accdb37', 0, 0, '20131025', 'bebd54fe-a071-4f6c-8be1-ace0b74f3698', 'a0b03fb8-d529-4baa-b04a-bed3f81c8ae0', '20131025'),
( NEWID(), '384c3da7-32b8-48f5-a53c-617f3c3779a2', 0, 0, '20131025', 'bebd54fe-a071-4f6c-8be1-ace0b74f3698', 'a0b03fb8-d529-4baa-b04a-bed3f81c8ae0', '20131025'),
( NEWID(), '998449b6-e3c4-457c-90a8-46ea2efe23b6', 1, 500000000, '20140801', 'bebd54fe-a071-4f6c-8be1-ace0b74f3698', 'a0b03fb8-d529-4baa-b04a-bed3f81c8ae0', '20131025'),
( NEWID(), 'dad70777-2a7b-4904-ac69-bb08f200061f', 1, 1150000000, '20140801', 'c166d3b6-d309-442c-b227-8a52a91d6f7f', 'a0b03fb8-d529-4baa-b04a-bed3f81c8ae0', '20131025'),
( NEWID(), 'c5039631-f49d-4ef5-bf15-10e20a9f2e44', 0, 0, '20131025', 'c166d3b6-d309-442c-b227-8a52a91d6f7f', 'a0b03fb8-d529-4baa-b04a-bed3f81c8ae0', '20131025'),
( NEWID(), '2a065e37-6a0a-48c4-a764-58ce6accdb37', 0, 0, '20131025', 'c166d3b6-d309-442c-b227-8a52a91d6f7f', 'a0b03fb8-d529-4baa-b04a-bed3f81c8ae0', '20131025'),
( NEWID(), '384c3da7-32b8-48f5-a53c-617f3c3779a2', 0, 0, '20131025', 'c166d3b6-d309-442c-b227-8a52a91d6f7f', 'a0b03fb8-d529-4baa-b04a-bed3f81c8ae0', '20131025'),
( NEWID(), '998449b6-e3c4-457c-90a8-46ea2efe23b6', 1, 400000000, '20140801', 'c166d3b6-d309-442c-b227-8a52a91d6f7f', 'a0b03fb8-d529-4baa-b04a-bed3f81c8ae0', '20131025'),
( NEWID(), 'dad70777-2a7b-4904-ac69-bb08f200061f', 1, 2650000000, '20140801', 'bd791921-fab3-4ce7-b333-b3f8a57c07a9', 'a0b03fb8-d529-4baa-b04a-bed3f81c8ae0', '20131025'),
( NEWID(), 'c5039631-f49d-4ef5-bf15-10e20a9f2e44', 0, 0, '20131025', 'bd791921-fab3-4ce7-b333-b3f8a57c07a9', 'a0b03fb8-d529-4baa-b04a-bed3f81c8ae0', '20131025'),
( NEWID(), '2a065e37-6a0a-48c4-a764-58ce6accdb37', 0, 0, '20131025', 'bd791921-fab3-4ce7-b333-b3f8a57c07a9', 'a0b03fb8-d529-4baa-b04a-bed3f81c8ae0', '20131025'),
( NEWID(), '384c3da7-32b8-48f5-a53c-617f3c3779a2', 0, 0, '20131025', 'bd791921-fab3-4ce7-b333-b3f8a57c07a9', 'a0b03fb8-d529-4baa-b04a-bed3f81c8ae0', '20131025'),
( NEWID(), '998449b6-e3c4-457c-90a8-46ea2efe23b6', 1, 1400000000, '20140801', 'bd791921-fab3-4ce7-b333-b3f8a57c07a9', 'a0b03fb8-d529-4baa-b04a-bed3f81c8ae0', '20131025'),
( NEWID(), 'dad70777-2a7b-4904-ac69-bb08f200061f', 1, 1000000000, '20140801', '0ddbc98d-91ed-4939-b330-8c8ff8e4660a', 'a0b03fb8-d529-4baa-b04a-bed3f81c8ae0', '20131025'),
( NEWID(), 'c5039631-f49d-4ef5-bf15-10e20a9f2e44', 0, 0, '20131025', '0ddbc98d-91ed-4939-b330-8c8ff8e4660a', 'a0b03fb8-d529-4baa-b04a-bed3f81c8ae0', '20131025'),
( NEWID(), '2a065e37-6a0a-48c4-a764-58ce6accdb37', 0, 0, '20131025', '0ddbc98d-91ed-4939-b330-8c8ff8e4660a', 'a0b03fb8-d529-4baa-b04a-bed3f81c8ae0', '20131025'),
( NEWID(), '384c3da7-32b8-48f5-a53c-617f3c3779a2', 0, 0, '20131025', '0ddbc98d-91ed-4939-b330-8c8ff8e4660a', 'a0b03fb8-d529-4baa-b04a-bed3f81c8ae0', '20131025'),
( NEWID(), '998449b6-e3c4-457c-90a8-46ea2efe23b6', 1, 600000000, '20140801', '0ddbc98d-91ed-4939-b330-8c8ff8e4660a', 'a0b03fb8-d529-4baa-b04a-bed3f81c8ae0', '20131025'),
( NEWID(), 'dad70777-2a7b-4904-ac69-bb08f200061f', 1, 1550000000, '20140801', '6389e929-719e-499b-a5ec-bbec5e02b169', 'a0b03fb8-d529-4baa-b04a-bed3f81c8ae0', '20131025'),
( NEWID(), 'c5039631-f49d-4ef5-bf15-10e20a9f2e44', 0, 0, '20131025', '6389e929-719e-499b-a5ec-bbec5e02b169', 'a0b03fb8-d529-4baa-b04a-bed3f81c8ae0', '20131025'),
( NEWID(), '2a065e37-6a0a-48c4-a764-58ce6accdb37', 0, 0, '20131025', '6389e929-719e-499b-a5ec-bbec5e02b169', 'a0b03fb8-d529-4baa-b04a-bed3f81c8ae0', '20131025'),
( NEWID(), '384c3da7-32b8-48f5-a53c-617f3c3779a2', 0, 0, '20131025', '6389e929-719e-499b-a5ec-bbec5e02b169', 'a0b03fb8-d529-4baa-b04a-bed3f81c8ae0', '20131025'),
( NEWID(), '998449b6-e3c4-457c-90a8-46ea2efe23b6', 1, 600000000, '20140801', '6389e929-719e-499b-a5ec-bbec5e02b169', 'a0b03fb8-d529-4baa-b04a-bed3f81c8ae0', '20131025'),
( NEWID(), 'dad70777-2a7b-4904-ac69-bb08f200061f', 1, 1550000000, '20140801', '26686ffd-25de-4f54-a3c9-d8cb8d6b8409', 'a0b03fb8-d529-4baa-b04a-bed3f81c8ae0', '20131025'),
( NEWID(), 'c5039631-f49d-4ef5-bf15-10e20a9f2e44', 0, 0, '20131025', '26686ffd-25de-4f54-a3c9-d8cb8d6b8409', 'a0b03fb8-d529-4baa-b04a-bed3f81c8ae0', '20131025'),
( NEWID(), '2a065e37-6a0a-48c4-a764-58ce6accdb37', 0, 0, '20131025', '26686ffd-25de-4f54-a3c9-d8cb8d6b8409', 'a0b03fb8-d529-4baa-b04a-bed3f81c8ae0', '20131025'),
( NEWID(), '384c3da7-32b8-48f5-a53c-617f3c3779a2', 0, 0, '20131025', '26686ffd-25de-4f54-a3c9-d8cb8d6b8409', 'a0b03fb8-d529-4baa-b04a-bed3f81c8ae0', '20131025'),
( NEWID(), '998449b6-e3c4-457c-90a8-46ea2efe23b6', 1, 600000000, '20140801', '26686ffd-25de-4f54-a3c9-d8cb8d6b8409', 'a0b03fb8-d529-4baa-b04a-bed3f81c8ae0', '20131025'),
( NEWID(), 'dad70777-2a7b-4904-ac69-bb08f200061f', 1, 1850000000, '20140801', '36163613-e37c-4458-b1bb-152c54c2c6fd', 'a0b03fb8-d529-4baa-b04a-bed3f81c8ae0', '20131025'),
( NEWID(), 'c5039631-f49d-4ef5-bf15-10e20a9f2e44', 0, 0, '20131025', '36163613-e37c-4458-b1bb-152c54c2c6fd', 'a0b03fb8-d529-4baa-b04a-bed3f81c8ae0', '20131025'),
( NEWID(), '2a065e37-6a0a-48c4-a764-58ce6accdb37', 0, 0, '20131025', '36163613-e37c-4458-b1bb-152c54c2c6fd', 'a0b03fb8-d529-4baa-b04a-bed3f81c8ae0', '20131025'),
( NEWID(), '384c3da7-32b8-48f5-a53c-617f3c3779a2', 0, 0, '20131025', '36163613-e37c-4458-b1bb-152c54c2c6fd', 'a0b03fb8-d529-4baa-b04a-bed3f81c8ae0', '20131025'),
( NEWID(), '998449b6-e3c4-457c-90a8-46ea2efe23b6', 1, 800000000, '20140801', '36163613-e37c-4458-b1bb-152c54c2c6fd', 'a0b03fb8-d529-4baa-b04a-bed3f81c8ae0', '20131025'),
( NEWID(), 'dad70777-2a7b-4904-ac69-bb08f200061f', 1, 1550000000, '20140801', 'be6f5c87-187f-490c-9247-b133560b2be6', 'a0b03fb8-d529-4baa-b04a-bed3f81c8ae0', '20131025'),
( NEWID(), 'c5039631-f49d-4ef5-bf15-10e20a9f2e44', 0, 0, '20131025', 'be6f5c87-187f-490c-9247-b133560b2be6', 'a0b03fb8-d529-4baa-b04a-bed3f81c8ae0', '20131025'),
( NEWID(), '2a065e37-6a0a-48c4-a764-58ce6accdb37', 0, 0, '20131025', 'be6f5c87-187f-490c-9247-b133560b2be6', 'a0b03fb8-d529-4baa-b04a-bed3f81c8ae0', '20131025'),
( NEWID(), '384c3da7-32b8-48f5-a53c-617f3c3779a2', 0, 0, '20131025', 'be6f5c87-187f-490c-9247-b133560b2be6', 'a0b03fb8-d529-4baa-b04a-bed3f81c8ae0', '20131025'),
( NEWID(), '998449b6-e3c4-457c-90a8-46ea2efe23b6', 1, 600000000, '20140801', 'be6f5c87-187f-490c-9247-b133560b2be6', 'a0b03fb8-d529-4baa-b04a-bed3f81c8ae0', '20131025'),
( NEWID(), 'dad70777-2a7b-4904-ac69-bb08f200061f', 1, 1250000000, '20140801', 'f3ef8e74-d7d4-4884-9161-5572a2496679', 'a0b03fb8-d529-4baa-b04a-bed3f81c8ae0', '20131025'),
( NEWID(), 'c5039631-f49d-4ef5-bf15-10e20a9f2e44', 0, 0, '20131025', 'f3ef8e74-d7d4-4884-9161-5572a2496679', 'a0b03fb8-d529-4baa-b04a-bed3f81c8ae0', '20131025'),
( NEWID(), '2a065e37-6a0a-48c4-a764-58ce6accdb37', 0, 0, '20131025', 'f3ef8e74-d7d4-4884-9161-5572a2496679', 'a0b03fb8-d529-4baa-b04a-bed3f81c8ae0', '20131025'),
( NEWID(), '384c3da7-32b8-48f5-a53c-617f3c3779a2', 0, 0, '20131025', 'f3ef8e74-d7d4-4884-9161-5572a2496679', 'a0b03fb8-d529-4baa-b04a-bed3f81c8ae0', '20131025'),
( NEWID(), '998449b6-e3c4-457c-90a8-46ea2efe23b6', 1, 400000000, '20140801', 'f3ef8e74-d7d4-4884-9161-5572a2496679', 'a0b03fb8-d529-4baa-b04a-bed3f81c8ae0', '20131025'),
( NEWID(), 'dad70777-2a7b-4904-ac69-bb08f200061f', 1, 1550000000, '20140801', 'e486b553-fb2d-40f2-9826-1f326d59ce43', 'a0b03fb8-d529-4baa-b04a-bed3f81c8ae0', '20131025'),
( NEWID(), 'c5039631-f49d-4ef5-bf15-10e20a9f2e44', 0, 0, '20131025', 'e486b553-fb2d-40f2-9826-1f326d59ce43', 'a0b03fb8-d529-4baa-b04a-bed3f81c8ae0', '20131025'),
( NEWID(), '2a065e37-6a0a-48c4-a764-58ce6accdb37', 0, 0, '20131025', 'e486b553-fb2d-40f2-9826-1f326d59ce43', 'a0b03fb8-d529-4baa-b04a-bed3f81c8ae0', '20131025'),
( NEWID(), '384c3da7-32b8-48f5-a53c-617f3c3779a2', 0, 0, '20131025', 'e486b553-fb2d-40f2-9826-1f326d59ce43', 'a0b03fb8-d529-4baa-b04a-bed3f81c8ae0', '20131025'),
( NEWID(), '998449b6-e3c4-457c-90a8-46ea2efe23b6', 1, 600000000, '20140801', 'e486b553-fb2d-40f2-9826-1f326d59ce43', 'a0b03fb8-d529-4baa-b04a-bed3f81c8ae0', '20131025'),
( NEWID(), 'dad70777-2a7b-4904-ac69-bb08f200061f', 1, 2650000000, '20140801', '952e2163-b07b-4c2e-9230-7314ad6d5626', 'a0b03fb8-d529-4baa-b04a-bed3f81c8ae0', '20131025'),
( NEWID(), 'c5039631-f49d-4ef5-bf15-10e20a9f2e44', 0, 0, '20131025', '952e2163-b07b-4c2e-9230-7314ad6d5626', 'a0b03fb8-d529-4baa-b04a-bed3f81c8ae0', '20131025'),
( NEWID(), '2a065e37-6a0a-48c4-a764-58ce6accdb37', 0, 0, '20131025', '952e2163-b07b-4c2e-9230-7314ad6d5626', 'a0b03fb8-d529-4baa-b04a-bed3f81c8ae0', '20131025'),
( NEWID(), '384c3da7-32b8-48f5-a53c-617f3c3779a2', 0, 0, '20131025', '952e2163-b07b-4c2e-9230-7314ad6d5626', 'a0b03fb8-d529-4baa-b04a-bed3f81c8ae0', '20131025'),
( NEWID(), '998449b6-e3c4-457c-90a8-46ea2efe23b6', 1, 1400000000, '20140801', '952e2163-b07b-4c2e-9230-7314ad6d5626', 'a0b03fb8-d529-4baa-b04a-bed3f81c8ae0', '20131025'),
( NEWID(), 'dad70777-2a7b-4904-ac69-bb08f200061f', 1, 100000000, '20140808', '82813bcc-9b57-460d-8d8f-c409e9a1125f', 'a0b03fb8-d529-4baa-b04a-bed3f81c8ae0', '20131025'),
( NEWID(), 'c5039631-f49d-4ef5-bf15-10e20a9f2e44', 0, 0, '20131025', '82813bcc-9b57-460d-8d8f-c409e9a1125f', 'a0b03fb8-d529-4baa-b04a-bed3f81c8ae0', '20131025'),
( NEWID(), '2a065e37-6a0a-48c4-a764-58ce6accdb37', 0, 0, '20131025', '82813bcc-9b57-460d-8d8f-c409e9a1125f', 'a0b03fb8-d529-4baa-b04a-bed3f81c8ae0', '20131025'),
( NEWID(), '384c3da7-32b8-48f5-a53c-617f3c3779a2', 0, 0, '20131025', '82813bcc-9b57-460d-8d8f-c409e9a1125f', 'a0b03fb8-d529-4baa-b04a-bed3f81c8ae0', '20131025'),
( NEWID(), '998449b6-e3c4-457c-90a8-46ea2efe23b6', 1, 100000000, '20140808', '82813bcc-9b57-460d-8d8f-c409e9a1125f', 'a0b03fb8-d529-4baa-b04a-bed3f81c8ae0', '20131025'),
( NEWID(), 'dad70777-2a7b-4904-ac69-bb08f200061f', 1, 800000000, '20140927', '7d59053d-fbe1-42d7-91f5-77c5d82e632b', 'a0b03fb8-d529-4baa-b04a-bed3f81c8ae0', '20131025'),
( NEWID(), 'c5039631-f49d-4ef5-bf15-10e20a9f2e44', 0, 0, '20131025', '7d59053d-fbe1-42d7-91f5-77c5d82e632b', 'a0b03fb8-d529-4baa-b04a-bed3f81c8ae0', '20131025'),
( NEWID(), '2a065e37-6a0a-48c4-a764-58ce6accdb37', 0, 0, '20131025', '7d59053d-fbe1-42d7-91f5-77c5d82e632b', 'a0b03fb8-d529-4baa-b04a-bed3f81c8ae0', '20131025'),
( NEWID(), '384c3da7-32b8-48f5-a53c-617f3c3779a2', 0, 0, '20131025', '7d59053d-fbe1-42d7-91f5-77c5d82e632b', 'a0b03fb8-d529-4baa-b04a-bed3f81c8ae0', '20131025'),
( NEWID(), '998449b6-e3c4-457c-90a8-46ea2efe23b6', 1, 600000000, '20140927', '7d59053d-fbe1-42d7-91f5-77c5d82e632b', 'a0b03fb8-d529-4baa-b04a-bed3f81c8ae0', '20131025'),
( NEWID(), 'dad70777-2a7b-4904-ac69-bb08f200061f', 1, 300000000, '20140801', '4eab3cf4-1a68-4823-ba42-4576029cc467', 'a0b03fb8-d529-4baa-b04a-bed3f81c8ae0', '20131025'),
( NEWID(), 'c5039631-f49d-4ef5-bf15-10e20a9f2e44', 0, 0, '20131025', '4eab3cf4-1a68-4823-ba42-4576029cc467', 'a0b03fb8-d529-4baa-b04a-bed3f81c8ae0', '20131025'),
( NEWID(), '2a065e37-6a0a-48c4-a764-58ce6accdb37', 0, 0, '20131025', '4eab3cf4-1a68-4823-ba42-4576029cc467', 'a0b03fb8-d529-4baa-b04a-bed3f81c8ae0', '20131025'),
( NEWID(), '384c3da7-32b8-48f5-a53c-617f3c3779a2', 0, 0, '20131025', '4eab3cf4-1a68-4823-ba42-4576029cc467', 'a0b03fb8-d529-4baa-b04a-bed3f81c8ae0', '20131025'),
( NEWID(), '998449b6-e3c4-457c-90a8-46ea2efe23b6', 1, 200000000, '20140801', '4eab3cf4-1a68-4823-ba42-4576029cc467', 'a0b03fb8-d529-4baa-b04a-bed3f81c8ae0', '20131025'),
( NEWID(), 'dad70777-2a7b-4904-ac69-bb08f200061f', 1, 300000000, '20140801', '056831b2-dbda-4858-9250-84e03f581a9d', 'a0b03fb8-d529-4baa-b04a-bed3f81c8ae0', '20131025'),
( NEWID(), 'c5039631-f49d-4ef5-bf15-10e20a9f2e44', 0, 0, '20131025', '056831b2-dbda-4858-9250-84e03f581a9d', 'a0b03fb8-d529-4baa-b04a-bed3f81c8ae0', '20131025'),
( NEWID(), '2a065e37-6a0a-48c4-a764-58ce6accdb37', 0, 0, '20131025', '056831b2-dbda-4858-9250-84e03f581a9d', 'a0b03fb8-d529-4baa-b04a-bed3f81c8ae0', '20131025'),
( NEWID(), '384c3da7-32b8-48f5-a53c-617f3c3779a2', 0, 0, '20131025', '056831b2-dbda-4858-9250-84e03f581a9d', 'a0b03fb8-d529-4baa-b04a-bed3f81c8ae0', '20131025'),
( NEWID(), '998449b6-e3c4-457c-90a8-46ea2efe23b6', 1, 200000000, '20140801', '056831b2-dbda-4858-9250-84e03f581a9d', 'a0b03fb8-d529-4baa-b04a-bed3f81c8ae0', '20131025'),
( NEWID(), 'dad70777-2a7b-4904-ac69-bb08f200061f', 1, 400000000, '20140801', 'd4e06b58-d15c-40cf-8454-ee0206744656', 'a0b03fb8-d529-4baa-b04a-bed3f81c8ae0', '20131025'),
( NEWID(), 'c5039631-f49d-4ef5-bf15-10e20a9f2e44', 0, 0, '20131025', 'd4e06b58-d15c-40cf-8454-ee0206744656', 'a0b03fb8-d529-4baa-b04a-bed3f81c8ae0', '20131025'),
( NEWID(), '2a065e37-6a0a-48c4-a764-58ce6accdb37', 0, 0, '20131025', 'd4e06b58-d15c-40cf-8454-ee0206744656', 'a0b03fb8-d529-4baa-b04a-bed3f81c8ae0', '20131025'),
( NEWID(), '384c3da7-32b8-48f5-a53c-617f3c3779a2', 0, 0, '20131025', 'd4e06b58-d15c-40cf-8454-ee0206744656', 'a0b03fb8-d529-4baa-b04a-bed3f81c8ae0', '20131025'),
( NEWID(), '998449b6-e3c4-457c-90a8-46ea2efe23b6', 1, 200000000, '20140801', 'd4e06b58-d15c-40cf-8454-ee0206744656', 'a0b03fb8-d529-4baa-b04a-bed3f81c8ae0', '20131025'),
( NEWID(), 'dad70777-2a7b-4904-ac69-bb08f200061f', 1, 1800000000, '20140801', '40498224-1b62-4ed4-bdcd-f47fc116a20d', 'a0b03fb8-d529-4baa-b04a-bed3f81c8ae0', '20131025'),
( NEWID(), 'c5039631-f49d-4ef5-bf15-10e20a9f2e44', 0, 0, '20131025', '40498224-1b62-4ed4-bdcd-f47fc116a20d', 'a0b03fb8-d529-4baa-b04a-bed3f81c8ae0', '20131025'),
( NEWID(), '2a065e37-6a0a-48c4-a764-58ce6accdb37', 0, 0, '20131025', '40498224-1b62-4ed4-bdcd-f47fc116a20d', 'a0b03fb8-d529-4baa-b04a-bed3f81c8ae0', '20131025'),
( NEWID(), '384c3da7-32b8-48f5-a53c-617f3c3779a2', 0, 0, '20131025', '40498224-1b62-4ed4-bdcd-f47fc116a20d', 'a0b03fb8-d529-4baa-b04a-bed3f81c8ae0', '20131025'),
( NEWID(), '998449b6-e3c4-457c-90a8-46ea2efe23b6', 1, 1800000000, '20140801', '40498224-1b62-4ed4-bdcd-f47fc116a20d', 'a0b03fb8-d529-4baa-b04a-bed3f81c8ae0', '20131025'),
( NEWID(), 'dad70777-2a7b-4904-ac69-bb08f200061f', 1, 800000000, '20140927', '7f2f39a8-2f36-449e-9af9-d453c1ccd450', 'a0b03fb8-d529-4baa-b04a-bed3f81c8ae0', '20131025'),
( NEWID(), 'c5039631-f49d-4ef5-bf15-10e20a9f2e44', 0, 0, '20131025', '7f2f39a8-2f36-449e-9af9-d453c1ccd450', 'a0b03fb8-d529-4baa-b04a-bed3f81c8ae0', '20131025'),
( NEWID(), '2a065e37-6a0a-48c4-a764-58ce6accdb37', 0, 0, '20131025', '7f2f39a8-2f36-449e-9af9-d453c1ccd450', 'a0b03fb8-d529-4baa-b04a-bed3f81c8ae0', '20131025'),
( NEWID(), '384c3da7-32b8-48f5-a53c-617f3c3779a2', 0, 0, '20131025', '7f2f39a8-2f36-449e-9af9-d453c1ccd450', 'a0b03fb8-d529-4baa-b04a-bed3f81c8ae0', '20131025'),
( NEWID(), '998449b6-e3c4-457c-90a8-46ea2efe23b6', 1, 600000000, '20140927', '7f2f39a8-2f36-449e-9af9-d453c1ccd450', 'a0b03fb8-d529-4baa-b04a-bed3f81c8ae0', '20131025'),
( NEWID(), 'dad70777-2a7b-4904-ac69-bb08f200061f', 1, 950000000, '20140801', '672607cf-ca83-4daf-924a-d904c768f736', 'a0b03fb8-d529-4baa-b04a-bed3f81c8ae0', '20131025'),
( NEWID(), 'c5039631-f49d-4ef5-bf15-10e20a9f2e44', 0, 0, '20131025', '672607cf-ca83-4daf-924a-d904c768f736', 'a0b03fb8-d529-4baa-b04a-bed3f81c8ae0', '20131025'),
( NEWID(), '2a065e37-6a0a-48c4-a764-58ce6accdb37', 0, 0, '20131025', '672607cf-ca83-4daf-924a-d904c768f736', 'a0b03fb8-d529-4baa-b04a-bed3f81c8ae0', '20131025'),
( NEWID(), '384c3da7-32b8-48f5-a53c-617f3c3779a2', 0, 0, '20131025', '672607cf-ca83-4daf-924a-d904c768f736', 'a0b03fb8-d529-4baa-b04a-bed3f81c8ae0', '20131025'),
( NEWID(), '998449b6-e3c4-457c-90a8-46ea2efe23b6', 1, 600000000, '20140801', '672607cf-ca83-4daf-924a-d904c768f736', 'a0b03fb8-d529-4baa-b04a-bed3f81c8ae0', '20131025'),
( NEWID(), 'dad70777-2a7b-4904-ac69-bb08f200061f', 1, 1800000000, '20140801', '74d7ceaa-6ae0-40ae-a52b-9fe2dcd6a707', 'a0b03fb8-d529-4baa-b04a-bed3f81c8ae0', '20131025'),
( NEWID(), 'c5039631-f49d-4ef5-bf15-10e20a9f2e44', 0, 0, '20131025', '74d7ceaa-6ae0-40ae-a52b-9fe2dcd6a707', 'a0b03fb8-d529-4baa-b04a-bed3f81c8ae0', '20131025'),
( NEWID(), '2a065e37-6a0a-48c4-a764-58ce6accdb37', 0, 0, '20131025', '74d7ceaa-6ae0-40ae-a52b-9fe2dcd6a707', 'a0b03fb8-d529-4baa-b04a-bed3f81c8ae0', '20131025'),
( NEWID(), '384c3da7-32b8-48f5-a53c-617f3c3779a2', 0, 0, '20131025', '74d7ceaa-6ae0-40ae-a52b-9fe2dcd6a707', 'a0b03fb8-d529-4baa-b04a-bed3f81c8ae0', '20131025'),
( NEWID(), '998449b6-e3c4-457c-90a8-46ea2efe23b6', 1, 1200000000, '20140801', '74d7ceaa-6ae0-40ae-a52b-9fe2dcd6a707', 'a0b03fb8-d529-4baa-b04a-bed3f81c8ae0', '20131025'),
( NEWID(), 'dad70777-2a7b-4904-ac69-bb08f200061f', 1, 1100000000, '20140801', '6542dfa7-c9f1-4617-888b-91cb55496431', 'a0b03fb8-d529-4baa-b04a-bed3f81c8ae0', '20131025'),
( NEWID(), 'c5039631-f49d-4ef5-bf15-10e20a9f2e44', 0, 0, '20131025', '6542dfa7-c9f1-4617-888b-91cb55496431', 'a0b03fb8-d529-4baa-b04a-bed3f81c8ae0', '20131025'),
( NEWID(), '2a065e37-6a0a-48c4-a764-58ce6accdb37', 0, 0, '20131025', '6542dfa7-c9f1-4617-888b-91cb55496431', 'a0b03fb8-d529-4baa-b04a-bed3f81c8ae0', '20131025'),
( NEWID(), '384c3da7-32b8-48f5-a53c-617f3c3779a2', 0, 0, '20131025', '6542dfa7-c9f1-4617-888b-91cb55496431', 'a0b03fb8-d529-4baa-b04a-bed3f81c8ae0', '20131025'),
( NEWID(), '998449b6-e3c4-457c-90a8-46ea2efe23b6', 1, 700000000, '20140801', '6542dfa7-c9f1-4617-888b-91cb55496431', 'a0b03fb8-d529-4baa-b04a-bed3f81c8ae0', '20131025'),
( NEWID(), 'dad70777-2a7b-4904-ac69-bb08f200061f', 1, 2450000000, '20140801', 'ebc10552-3d01-486a-8273-635db37f8140', 'a0b03fb8-d529-4baa-b04a-bed3f81c8ae0', '20131025'),
( NEWID(), 'c5039631-f49d-4ef5-bf15-10e20a9f2e44', 0, 0, '20131025', 'ebc10552-3d01-486a-8273-635db37f8140', 'a0b03fb8-d529-4baa-b04a-bed3f81c8ae0', '20131025'),
( NEWID(), '2a065e37-6a0a-48c4-a764-58ce6accdb37', 0, 0, '20131025', 'ebc10552-3d01-486a-8273-635db37f8140', 'a0b03fb8-d529-4baa-b04a-bed3f81c8ae0', '20131025'),
( NEWID(), '384c3da7-32b8-48f5-a53c-617f3c3779a2', 0, 0, '20131025', 'ebc10552-3d01-486a-8273-635db37f8140', 'a0b03fb8-d529-4baa-b04a-bed3f81c8ae0', '20131025'),
( NEWID(), '998449b6-e3c4-457c-90a8-46ea2efe23b6', 1, 1200000000, '20140801', 'ebc10552-3d01-486a-8273-635db37f8140', 'a0b03fb8-d529-4baa-b04a-bed3f81c8ae0', '20131025'),
( NEWID(), 'dad70777-2a7b-4904-ac69-bb08f200061f', 1, 300000000, '20140801', '23749aed-5f7a-47a6-a14a-472017b6f7bd', 'a0b03fb8-d529-4baa-b04a-bed3f81c8ae0', '20131025'),
( NEWID(), 'c5039631-f49d-4ef5-bf15-10e20a9f2e44', 0, 0, '20131025', '23749aed-5f7a-47a6-a14a-472017b6f7bd', 'a0b03fb8-d529-4baa-b04a-bed3f81c8ae0', '20131025'),
( NEWID(), '2a065e37-6a0a-48c4-a764-58ce6accdb37', 0, 0, '20131025', '23749aed-5f7a-47a6-a14a-472017b6f7bd', 'a0b03fb8-d529-4baa-b04a-bed3f81c8ae0', '20131025'),
( NEWID(), '384c3da7-32b8-48f5-a53c-617f3c3779a2', 0, 0, '20131025', '23749aed-5f7a-47a6-a14a-472017b6f7bd', 'a0b03fb8-d529-4baa-b04a-bed3f81c8ae0', '20131025'),
( NEWID(), '998449b6-e3c4-457c-90a8-46ea2efe23b6', 1, 200000000, '20140801', '23749aed-5f7a-47a6-a14a-472017b6f7bd', 'a0b03fb8-d529-4baa-b04a-bed3f81c8ae0', '20131025'),
( NEWID(), 'dad70777-2a7b-4904-ac69-bb08f200061f', 1, 300000000, '20140801', '2479e28b-94d4-43ec-9db7-2fb12f25e712', 'a0b03fb8-d529-4baa-b04a-bed3f81c8ae0', '20131025'),
( NEWID(), 'c5039631-f49d-4ef5-bf15-10e20a9f2e44', 0, 0, '20131025', '2479e28b-94d4-43ec-9db7-2fb12f25e712', 'a0b03fb8-d529-4baa-b04a-bed3f81c8ae0', '20131025'),
( NEWID(), '2a065e37-6a0a-48c4-a764-58ce6accdb37', 0, 0, '20131025', '2479e28b-94d4-43ec-9db7-2fb12f25e712', 'a0b03fb8-d529-4baa-b04a-bed3f81c8ae0', '20131025'),
( NEWID(), '384c3da7-32b8-48f5-a53c-617f3c3779a2', 0, 0, '20131025', '2479e28b-94d4-43ec-9db7-2fb12f25e712', 'a0b03fb8-d529-4baa-b04a-bed3f81c8ae0', '20131025'),
( NEWID(), '998449b6-e3c4-457c-90a8-46ea2efe23b6', 1, 200000000, '20140801', '2479e28b-94d4-43ec-9db7-2fb12f25e712', 'a0b03fb8-d529-4baa-b04a-bed3f81c8ae0', '20131025'),
( NEWID(), 'dad70777-2a7b-4904-ac69-bb08f200061f', 1, 300000000, '20140801', 'b5b1edc8-babb-47ae-9ba3-959a945b3eba', 'a0b03fb8-d529-4baa-b04a-bed3f81c8ae0', '20131025'),
( NEWID(), 'c5039631-f49d-4ef5-bf15-10e20a9f2e44', 0, 0, '20131025', 'b5b1edc8-babb-47ae-9ba3-959a945b3eba', 'a0b03fb8-d529-4baa-b04a-bed3f81c8ae0', '20131025'),
( NEWID(), '2a065e37-6a0a-48c4-a764-58ce6accdb37', 0, 0, '20131025', 'b5b1edc8-babb-47ae-9ba3-959a945b3eba', 'a0b03fb8-d529-4baa-b04a-bed3f81c8ae0', '20131025'),
( NEWID(), '384c3da7-32b8-48f5-a53c-617f3c3779a2', 0, 0, '20131025', 'b5b1edc8-babb-47ae-9ba3-959a945b3eba', 'a0b03fb8-d529-4baa-b04a-bed3f81c8ae0', '20131025'),
( NEWID(), '998449b6-e3c4-457c-90a8-46ea2efe23b6', 1, 200000000, '20140801', 'b5b1edc8-babb-47ae-9ba3-959a945b3eba', 'a0b03fb8-d529-4baa-b04a-bed3f81c8ae0', '20131025'),
( NEWID(), 'dad70777-2a7b-4904-ac69-bb08f200061f', 1, 1100000000, '20140927', '70a45727-44df-4a2a-8d6d-0fa24a6b25f7', 'a0b03fb8-d529-4baa-b04a-bed3f81c8ae0', '20131025'),
( NEWID(), 'c5039631-f49d-4ef5-bf15-10e20a9f2e44', 0, 0, '20131025', '70a45727-44df-4a2a-8d6d-0fa24a6b25f7', 'a0b03fb8-d529-4baa-b04a-bed3f81c8ae0', '20131025'),
( NEWID(), '2a065e37-6a0a-48c4-a764-58ce6accdb37', 0, 0, '20131025', '70a45727-44df-4a2a-8d6d-0fa24a6b25f7', 'a0b03fb8-d529-4baa-b04a-bed3f81c8ae0', '20131025'),
( NEWID(), '384c3da7-32b8-48f5-a53c-617f3c3779a2', 0, 0, '20131025', '70a45727-44df-4a2a-8d6d-0fa24a6b25f7', 'a0b03fb8-d529-4baa-b04a-bed3f81c8ae0', '20131025'),
( NEWID(), '998449b6-e3c4-457c-90a8-46ea2efe23b6', 1, 800000000, '20140927', '70a45727-44df-4a2a-8d6d-0fa24a6b25f7', 'a0b03fb8-d529-4baa-b04a-bed3f81c8ae0', '20131025'),
( NEWID(), 'dad70777-2a7b-4904-ac69-bb08f200061f', 1, 300000000, '20140801', '4595172c-5dcf-47d6-863f-0e871e846e5b', 'a0b03fb8-d529-4baa-b04a-bed3f81c8ae0', '20131025'),
( NEWID(), 'c5039631-f49d-4ef5-bf15-10e20a9f2e44', 0, 0, '20131025', '4595172c-5dcf-47d6-863f-0e871e846e5b', 'a0b03fb8-d529-4baa-b04a-bed3f81c8ae0', '20131025'),
( NEWID(), '2a065e37-6a0a-48c4-a764-58ce6accdb37', 0, 0, '20131025', '4595172c-5dcf-47d6-863f-0e871e846e5b', 'a0b03fb8-d529-4baa-b04a-bed3f81c8ae0', '20131025'),
( NEWID(), '384c3da7-32b8-48f5-a53c-617f3c3779a2', 0, 0, '20131025', '4595172c-5dcf-47d6-863f-0e871e846e5b', 'a0b03fb8-d529-4baa-b04a-bed3f81c8ae0', '20131025'),
( NEWID(), '998449b6-e3c4-457c-90a8-46ea2efe23b6', 1, 200000000, '20140801', '4595172c-5dcf-47d6-863f-0e871e846e5b', 'a0b03fb8-d529-4baa-b04a-bed3f81c8ae0', '20131025'),
( NEWID(), 'dad70777-2a7b-4904-ac69-bb08f200061f', 1, 200000000, '20140801', '137f73f4-b878-499d-baef-1049e9e239ab', 'a0b03fb8-d529-4baa-b04a-bed3f81c8ae0', '20131025'),
( NEWID(), 'c5039631-f49d-4ef5-bf15-10e20a9f2e44', 0, 0, '20131025', '137f73f4-b878-499d-baef-1049e9e239ab', 'a0b03fb8-d529-4baa-b04a-bed3f81c8ae0', '20131025'),
( NEWID(), '2a065e37-6a0a-48c4-a764-58ce6accdb37', 0, 0, '20131025', '137f73f4-b878-499d-baef-1049e9e239ab', 'a0b03fb8-d529-4baa-b04a-bed3f81c8ae0', '20131025'),
( NEWID(), '384c3da7-32b8-48f5-a53c-617f3c3779a2', 0, 0, '20131025', '137f73f4-b878-499d-baef-1049e9e239ab', 'a0b03fb8-d529-4baa-b04a-bed3f81c8ae0', '20131025'),
( NEWID(), '998449b6-e3c4-457c-90a8-46ea2efe23b6', 1, 300000000, '20140801', '137f73f4-b878-499d-baef-1049e9e239ab', 'a0b03fb8-d529-4baa-b04a-bed3f81c8ae0', '20131025'),
( NEWID(), 'dad70777-2a7b-4904-ac69-bb08f200061f', 1, 50000000, '20140801', '0ca3d867-1f4f-42b9-9ec9-0e576816e0f5', 'a0b03fb8-d529-4baa-b04a-bed3f81c8ae0', '20131025'),
( NEWID(), 'c5039631-f49d-4ef5-bf15-10e20a9f2e44', 0, 0, '20131025', '0ca3d867-1f4f-42b9-9ec9-0e576816e0f5', 'a0b03fb8-d529-4baa-b04a-bed3f81c8ae0', '20131025'),
( NEWID(), '2a065e37-6a0a-48c4-a764-58ce6accdb37', 0, 0, '20131025', '0ca3d867-1f4f-42b9-9ec9-0e576816e0f5', 'a0b03fb8-d529-4baa-b04a-bed3f81c8ae0', '20131025'),
( NEWID(), '384c3da7-32b8-48f5-a53c-617f3c3779a2', 0, 0, '20131025', '0ca3d867-1f4f-42b9-9ec9-0e576816e0f5', 'a0b03fb8-d529-4baa-b04a-bed3f81c8ae0', '20131025'),
( NEWID(), '998449b6-e3c4-457c-90a8-46ea2efe23b6', 1, 0, '', '0ca3d867-1f4f-42b9-9ec9-0e576816e0f5', 'a0b03fb8-d529-4baa-b04a-bed3f81c8ae0', '20131025'),
( NEWID(), 'dad70777-2a7b-4904-ac69-bb08f200061f', 1, 300000000, '20140801', '41cc171f-7fbe-49c3-8d1c-917c7e479ce5', 'a0b03fb8-d529-4baa-b04a-bed3f81c8ae0', '20131025'),
( NEWID(), 'c5039631-f49d-4ef5-bf15-10e20a9f2e44', 0, 0, '20131025', '41cc171f-7fbe-49c3-8d1c-917c7e479ce5', 'a0b03fb8-d529-4baa-b04a-bed3f81c8ae0', '20131025'),
( NEWID(), '2a065e37-6a0a-48c4-a764-58ce6accdb37', 0, 0, '20131025', '41cc171f-7fbe-49c3-8d1c-917c7e479ce5', 'a0b03fb8-d529-4baa-b04a-bed3f81c8ae0', '20131025'),
( NEWID(), '384c3da7-32b8-48f5-a53c-617f3c3779a2', 0, 0, '20131025', '41cc171f-7fbe-49c3-8d1c-917c7e479ce5', 'a0b03fb8-d529-4baa-b04a-bed3f81c8ae0', '20131025'),
( NEWID(), '998449b6-e3c4-457c-90a8-46ea2efe23b6', 1, 200000000, '20140801', '41cc171f-7fbe-49c3-8d1c-917c7e479ce5', 'a0b03fb8-d529-4baa-b04a-bed3f81c8ae0', '20131025'),
( NEWID(), 'dad70777-2a7b-4904-ac69-bb08f200061f', 1, 50000000, '20140801', '18091641-0cdc-49e8-8379-549dcec7f05b', 'a0b03fb8-d529-4baa-b04a-bed3f81c8ae0', '20131025'),
( NEWID(), 'c5039631-f49d-4ef5-bf15-10e20a9f2e44', 0, 0, '20131025', '18091641-0cdc-49e8-8379-549dcec7f05b', 'a0b03fb8-d529-4baa-b04a-bed3f81c8ae0', '20131025'),
( NEWID(), '2a065e37-6a0a-48c4-a764-58ce6accdb37', 0, 0, '20131025', '18091641-0cdc-49e8-8379-549dcec7f05b', 'a0b03fb8-d529-4baa-b04a-bed3f81c8ae0', '20131025'),
( NEWID(), '384c3da7-32b8-48f5-a53c-617f3c3779a2', 0, 0, '20131025', '18091641-0cdc-49e8-8379-549dcec7f05b', 'a0b03fb8-d529-4baa-b04a-bed3f81c8ae0', '20131025'),
( NEWID(), '998449b6-e3c4-457c-90a8-46ea2efe23b6', 1, 0, '', '18091641-0cdc-49e8-8379-549dcec7f05b', 'a0b03fb8-d529-4baa-b04a-bed3f81c8ae0', '20131025'),
( NEWID(), 'dad70777-2a7b-4904-ac69-bb08f200061f', 1, 300000000, '20140801', '1df90a72-b796-40e5-8703-d59853c8748a', 'a0b03fb8-d529-4baa-b04a-bed3f81c8ae0', '20131025'),
( NEWID(), 'c5039631-f49d-4ef5-bf15-10e20a9f2e44', 0, 0, '20131025', '1df90a72-b796-40e5-8703-d59853c8748a', 'a0b03fb8-d529-4baa-b04a-bed3f81c8ae0', '20131025'),
( NEWID(), '2a065e37-6a0a-48c4-a764-58ce6accdb37', 0, 0, '20131025', '1df90a72-b796-40e5-8703-d59853c8748a', 'a0b03fb8-d529-4baa-b04a-bed3f81c8ae0', '20131025'),
( NEWID(), '384c3da7-32b8-48f5-a53c-617f3c3779a2', 0, 0, '20131025', '1df90a72-b796-40e5-8703-d59853c8748a', 'a0b03fb8-d529-4baa-b04a-bed3f81c8ae0', '20131025'),
( NEWID(), '998449b6-e3c4-457c-90a8-46ea2efe23b6', 1, 200000000, '20140801', '1df90a72-b796-40e5-8703-d59853c8748a', 'a0b03fb8-d529-4baa-b04a-bed3f81c8ae0', '20131025'),
( NEWID(), 'dad70777-2a7b-4904-ac69-bb08f200061f', 1, 1400000000, '20140927', 'bab4a245-cbec-48bc-ae7d-6d673613f079', 'a0b03fb8-d529-4baa-b04a-bed3f81c8ae0', '20131025'),
( NEWID(), 'c5039631-f49d-4ef5-bf15-10e20a9f2e44', 0, 0, '20131025', 'bab4a245-cbec-48bc-ae7d-6d673613f079', 'a0b03fb8-d529-4baa-b04a-bed3f81c8ae0', '20131025'),
( NEWID(), '2a065e37-6a0a-48c4-a764-58ce6accdb37', 0, 0, '20131025', 'bab4a245-cbec-48bc-ae7d-6d673613f079', 'a0b03fb8-d529-4baa-b04a-bed3f81c8ae0', '20131025'),
( NEWID(), '384c3da7-32b8-48f5-a53c-617f3c3779a2', 0, 0, '20131025', 'bab4a245-cbec-48bc-ae7d-6d673613f079', 'a0b03fb8-d529-4baa-b04a-bed3f81c8ae0', '20131025'),
( NEWID(), '998449b6-e3c4-457c-90a8-46ea2efe23b6', 1, 1000000000, '20140927', 'bab4a245-cbec-48bc-ae7d-6d673613f079', 'a0b03fb8-d529-4baa-b04a-bed3f81c8ae0', '20131025'),
( NEWID(), 'dad70777-2a7b-4904-ac69-bb08f200061f', 1, 50000000, '20140801', 'a10afe49-5862-4903-a5e9-95e132723d36', 'a0b03fb8-d529-4baa-b04a-bed3f81c8ae0', '20131025'),
( NEWID(), 'c5039631-f49d-4ef5-bf15-10e20a9f2e44', 0, 0, '20131025', 'a10afe49-5862-4903-a5e9-95e132723d36', 'a0b03fb8-d529-4baa-b04a-bed3f81c8ae0', '20131025'),
( NEWID(), '2a065e37-6a0a-48c4-a764-58ce6accdb37', 0, 0, '20131025', 'a10afe49-5862-4903-a5e9-95e132723d36', 'a0b03fb8-d529-4baa-b04a-bed3f81c8ae0', '20131025'),
( NEWID(), '384c3da7-32b8-48f5-a53c-617f3c3779a2', 0, 0, '20131025', 'a10afe49-5862-4903-a5e9-95e132723d36', 'a0b03fb8-d529-4baa-b04a-bed3f81c8ae0', '20131025'),
( NEWID(), '998449b6-e3c4-457c-90a8-46ea2efe23b6', 1, 0, '', 'a10afe49-5862-4903-a5e9-95e132723d36', 'a0b03fb8-d529-4baa-b04a-bed3f81c8ae0', '20131025'),
( NEWID(), 'dad70777-2a7b-4904-ac69-bb08f200061f', 1, 1400000000, '20140801', '152d663e-2fa6-43e8-8903-ac210914b2f8', 'a0b03fb8-d529-4baa-b04a-bed3f81c8ae0', '20131025'),
( NEWID(), 'c5039631-f49d-4ef5-bf15-10e20a9f2e44', 0, 0, '20131025', '152d663e-2fa6-43e8-8903-ac210914b2f8', 'a0b03fb8-d529-4baa-b04a-bed3f81c8ae0', '20131025'),
( NEWID(), '2a065e37-6a0a-48c4-a764-58ce6accdb37', 0, 0, '20131025', '152d663e-2fa6-43e8-8903-ac210914b2f8', 'a0b03fb8-d529-4baa-b04a-bed3f81c8ae0', '20131025'),
( NEWID(), '384c3da7-32b8-48f5-a53c-617f3c3779a2', 0, 0, '20131025', '152d663e-2fa6-43e8-8903-ac210914b2f8', 'a0b03fb8-d529-4baa-b04a-bed3f81c8ae0', '20131025'),
( NEWID(), '998449b6-e3c4-457c-90a8-46ea2efe23b6', 1, 1000000000, '20140801', '152d663e-2fa6-43e8-8903-ac210914b2f8', 'a0b03fb8-d529-4baa-b04a-bed3f81c8ae0', '20131025'),
( NEWID(), 'dad70777-2a7b-4904-ac69-bb08f200061f', 1, 800000000, '20140801', '86bc6fa4-f206-4c11-8a79-a1ba33136540', 'a0b03fb8-d529-4baa-b04a-bed3f81c8ae0', '20131025'),
( NEWID(), 'c5039631-f49d-4ef5-bf15-10e20a9f2e44', 0, 0, '20131025', '86bc6fa4-f206-4c11-8a79-a1ba33136540', 'a0b03fb8-d529-4baa-b04a-bed3f81c8ae0', '20131025'),
( NEWID(), '2a065e37-6a0a-48c4-a764-58ce6accdb37', 0, 0, '20131025', '86bc6fa4-f206-4c11-8a79-a1ba33136540', 'a0b03fb8-d529-4baa-b04a-bed3f81c8ae0', '20131025'),
( NEWID(), '384c3da7-32b8-48f5-a53c-617f3c3779a2', 0, 0, '20131025', '86bc6fa4-f206-4c11-8a79-a1ba33136540', 'a0b03fb8-d529-4baa-b04a-bed3f81c8ae0', '20131025'),
( NEWID(), '998449b6-e3c4-457c-90a8-46ea2efe23b6', 1, 600000000, '20140801', '86bc6fa4-f206-4c11-8a79-a1ba33136540', 'a0b03fb8-d529-4baa-b04a-bed3f81c8ae0', '20131025'),
( NEWID(), 'dad70777-2a7b-4904-ac69-bb08f200061f', 1, 900000000, '20140801', '3bdd9f5e-22ca-47bb-b85e-897ce354f471', 'a0b03fb8-d529-4baa-b04a-bed3f81c8ae0', '20131025'),
( NEWID(), 'c5039631-f49d-4ef5-bf15-10e20a9f2e44', 0, 0, '20131025', '3bdd9f5e-22ca-47bb-b85e-897ce354f471', 'a0b03fb8-d529-4baa-b04a-bed3f81c8ae0', '20131025'),
( NEWID(), '2a065e37-6a0a-48c4-a764-58ce6accdb37', 0, 0, '20131025', '3bdd9f5e-22ca-47bb-b85e-897ce354f471', 'a0b03fb8-d529-4baa-b04a-bed3f81c8ae0', '20131025'),
( NEWID(), '384c3da7-32b8-48f5-a53c-617f3c3779a2', 0, 0, '20131025', '3bdd9f5e-22ca-47bb-b85e-897ce354f471', 'a0b03fb8-d529-4baa-b04a-bed3f81c8ae0', '20131025'),
( NEWID(), '998449b6-e3c4-457c-90a8-46ea2efe23b6', 1, 600000000, '20140801', '3bdd9f5e-22ca-47bb-b85e-897ce354f471', 'a0b03fb8-d529-4baa-b04a-bed3f81c8ae0', '20131025'),
( NEWID(), 'dad70777-2a7b-4904-ac69-bb08f200061f', 1, 800000000, '20140801', '58f5c8f0-a58c-47ef-b511-4bfc08ab78c5', 'a0b03fb8-d529-4baa-b04a-bed3f81c8ae0', '20131025'),
( NEWID(), 'c5039631-f49d-4ef5-bf15-10e20a9f2e44', 0, 0, '20131025', '58f5c8f0-a58c-47ef-b511-4bfc08ab78c5', 'a0b03fb8-d529-4baa-b04a-bed3f81c8ae0', '20131025'),
( NEWID(), '2a065e37-6a0a-48c4-a764-58ce6accdb37', 0, 0, '20131025', '58f5c8f0-a58c-47ef-b511-4bfc08ab78c5', 'a0b03fb8-d529-4baa-b04a-bed3f81c8ae0', '20131025'),
( NEWID(), '384c3da7-32b8-48f5-a53c-617f3c3779a2', 0, 0, '20131025', '58f5c8f0-a58c-47ef-b511-4bfc08ab78c5', 'a0b03fb8-d529-4baa-b04a-bed3f81c8ae0', '20131025'),
( NEWID(), '998449b6-e3c4-457c-90a8-46ea2efe23b6', 1, 600000000, '20140801', '58f5c8f0-a58c-47ef-b511-4bfc08ab78c5', 'a0b03fb8-d529-4baa-b04a-bed3f81c8ae0', '20131025'),
( NEWID(), 'dad70777-2a7b-4904-ac69-bb08f200061f', 1, 1800000000, '20140801', '04b96db7-6521-49d5-ae89-a77b67e61dcd', 'a0b03fb8-d529-4baa-b04a-bed3f81c8ae0', '20131025'),
( NEWID(), 'c5039631-f49d-4ef5-bf15-10e20a9f2e44', 0, 0, '20131025', '04b96db7-6521-49d5-ae89-a77b67e61dcd', 'a0b03fb8-d529-4baa-b04a-bed3f81c8ae0', '20131025'),
( NEWID(), '2a065e37-6a0a-48c4-a764-58ce6accdb37', 0, 0, '20131025', '04b96db7-6521-49d5-ae89-a77b67e61dcd', 'a0b03fb8-d529-4baa-b04a-bed3f81c8ae0', '20131025'),
( NEWID(), '384c3da7-32b8-48f5-a53c-617f3c3779a2', 0, 0, '20131025', '04b96db7-6521-49d5-ae89-a77b67e61dcd', 'a0b03fb8-d529-4baa-b04a-bed3f81c8ae0', '20131025'),
( NEWID(), '998449b6-e3c4-457c-90a8-46ea2efe23b6', 1, 1200000000, '20140801', '04b96db7-6521-49d5-ae89-a77b67e61dcd', 'a0b03fb8-d529-4baa-b04a-bed3f81c8ae0', '20131025'),
( NEWID(), 'dad70777-2a7b-4904-ac69-bb08f200061f', 1, 2450000000, '20140801', 'e0cb516a-de81-4563-8e71-703ff8b353e0', 'a0b03fb8-d529-4baa-b04a-bed3f81c8ae0', '20131025'),
( NEWID(), 'c5039631-f49d-4ef5-bf15-10e20a9f2e44', 0, 0, '20131025', 'e0cb516a-de81-4563-8e71-703ff8b353e0', 'a0b03fb8-d529-4baa-b04a-bed3f81c8ae0', '20131025'),
( NEWID(), '2a065e37-6a0a-48c4-a764-58ce6accdb37', 0, 0, '20131025', 'e0cb516a-de81-4563-8e71-703ff8b353e0', 'a0b03fb8-d529-4baa-b04a-bed3f81c8ae0', '20131025'),
( NEWID(), '384c3da7-32b8-48f5-a53c-617f3c3779a2', 0, 0, '20131025', 'e0cb516a-de81-4563-8e71-703ff8b353e0', 'a0b03fb8-d529-4baa-b04a-bed3f81c8ae0', '20131025'),
( NEWID(), '998449b6-e3c4-457c-90a8-46ea2efe23b6', 1, 1200000000, '20140801', 'e0cb516a-de81-4563-8e71-703ff8b353e0', 'a0b03fb8-d529-4baa-b04a-bed3f81c8ae0', '20131025'),
( NEWID(), 'dad70777-2a7b-4904-ac69-bb08f200061f', 1, 2150000000, '20140801', 'c56ad858-aae2-4c81-a744-d851fc21934d', 'a0b03fb8-d529-4baa-b04a-bed3f81c8ae0', '20131025'),
( NEWID(), 'c5039631-f49d-4ef5-bf15-10e20a9f2e44', 0, 0, '20131025', 'c56ad858-aae2-4c81-a744-d851fc21934d', 'a0b03fb8-d529-4baa-b04a-bed3f81c8ae0', '20131025'),
( NEWID(), '2a065e37-6a0a-48c4-a764-58ce6accdb37', 0, 0, '20131025', 'c56ad858-aae2-4c81-a744-d851fc21934d', 'a0b03fb8-d529-4baa-b04a-bed3f81c8ae0', '20131025'),
( NEWID(), '384c3da7-32b8-48f5-a53c-617f3c3779a2', 0, 0, '20131025', 'c56ad858-aae2-4c81-a744-d851fc21934d', 'a0b03fb8-d529-4baa-b04a-bed3f81c8ae0', '20131025'),
( NEWID(), '998449b6-e3c4-457c-90a8-46ea2efe23b6', 1, 1000000000, '20140801', 'c56ad858-aae2-4c81-a744-d851fc21934d', 'a0b03fb8-d529-4baa-b04a-bed3f81c8ae0', '20131025'),
( NEWID(), 'dad70777-2a7b-4904-ac69-bb08f200061f', 1, 630000000, '20140801', '39096655-69bc-4f5c-bd0c-d1e0c6ba2a9a', 'a0b03fb8-d529-4baa-b04a-bed3f81c8ae0', '20131025'),
( NEWID(), 'c5039631-f49d-4ef5-bf15-10e20a9f2e44', 0, 0, '20131025', '39096655-69bc-4f5c-bd0c-d1e0c6ba2a9a', 'a0b03fb8-d529-4baa-b04a-bed3f81c8ae0', '20131025'),
( NEWID(), '2a065e37-6a0a-48c4-a764-58ce6accdb37', 0, 0, '20131025', '39096655-69bc-4f5c-bd0c-d1e0c6ba2a9a', 'a0b03fb8-d529-4baa-b04a-bed3f81c8ae0', '20131025'),
( NEWID(), '384c3da7-32b8-48f5-a53c-617f3c3779a2', 0, 0, '20131025', '39096655-69bc-4f5c-bd0c-d1e0c6ba2a9a', 'a0b03fb8-d529-4baa-b04a-bed3f81c8ae0', '20131025'),
( NEWID(), '998449b6-e3c4-457c-90a8-46ea2efe23b6', 1, 400000000, '20140801', '39096655-69bc-4f5c-bd0c-d1e0c6ba2a9a', 'a0b03fb8-d529-4baa-b04a-bed3f81c8ae0', '20131025'),
( NEWID(), 'dad70777-2a7b-4904-ac69-bb08f200061f', 1, 1200000000, '20140801', '521f9382-bd9c-417d-862e-8963107da1d6', 'a0b03fb8-d529-4baa-b04a-bed3f81c8ae0', '20131025'),
( NEWID(), 'c5039631-f49d-4ef5-bf15-10e20a9f2e44', 0, 0, '20131025', '521f9382-bd9c-417d-862e-8963107da1d6', 'a0b03fb8-d529-4baa-b04a-bed3f81c8ae0', '20131025'),
( NEWID(), '2a065e37-6a0a-48c4-a764-58ce6accdb37', 0, 0, '20131025', '521f9382-bd9c-417d-862e-8963107da1d6', 'a0b03fb8-d529-4baa-b04a-bed3f81c8ae0', '20131025'),
( NEWID(), '384c3da7-32b8-48f5-a53c-617f3c3779a2', 0, 0, '20131025', '521f9382-bd9c-417d-862e-8963107da1d6', 'a0b03fb8-d529-4baa-b04a-bed3f81c8ae0', '20131025'),
( NEWID(), '998449b6-e3c4-457c-90a8-46ea2efe23b6', 1, 800000000, '20140801', '521f9382-bd9c-417d-862e-8963107da1d6', 'a0b03fb8-d529-4baa-b04a-bed3f81c8ae0', '20131025'),
( NEWID(), 'dad70777-2a7b-4904-ac69-bb08f200061f', 1, 2500000000, '20140801', 'cd428e7b-6b47-4caf-ac6e-387455d149a8', 'a0b03fb8-d529-4baa-b04a-bed3f81c8ae0', '20131025'),
( NEWID(), 'c5039631-f49d-4ef5-bf15-10e20a9f2e44', 0, 0, '20131025', 'cd428e7b-6b47-4caf-ac6e-387455d149a8', 'a0b03fb8-d529-4baa-b04a-bed3f81c8ae0', '20131025'),
( NEWID(), '2a065e37-6a0a-48c4-a764-58ce6accdb37', 0, 0, '20131025', 'cd428e7b-6b47-4caf-ac6e-387455d149a8', 'a0b03fb8-d529-4baa-b04a-bed3f81c8ae0', '20131025'),
( NEWID(), '384c3da7-32b8-48f5-a53c-617f3c3779a2', 0, 0, '20131025', 'cd428e7b-6b47-4caf-ac6e-387455d149a8', 'a0b03fb8-d529-4baa-b04a-bed3f81c8ae0', '20131025'),
( NEWID(), '998449b6-e3c4-457c-90a8-46ea2efe23b6', 1, 2500000000, '20140801', 'cd428e7b-6b47-4caf-ac6e-387455d149a8', 'a0b03fb8-d529-4baa-b04a-bed3f81c8ae0', '20131025'),
( NEWID(), 'dad70777-2a7b-4904-ac69-bb08f200061f', 1, 1000000000, '20140801', 'aba6c3f3-d6b4-49ea-8a87-43d6056081db', 'a0b03fb8-d529-4baa-b04a-bed3f81c8ae0', '20131025'),
( NEWID(), 'c5039631-f49d-4ef5-bf15-10e20a9f2e44', 0, 0, '20131025', 'aba6c3f3-d6b4-49ea-8a87-43d6056081db', 'a0b03fb8-d529-4baa-b04a-bed3f81c8ae0', '20131025'),
( NEWID(), '2a065e37-6a0a-48c4-a764-58ce6accdb37', 0, 0, '20131025', 'aba6c3f3-d6b4-49ea-8a87-43d6056081db', 'a0b03fb8-d529-4baa-b04a-bed3f81c8ae0', '20131025'),
( NEWID(), '384c3da7-32b8-48f5-a53c-617f3c3779a2', 0, 0, '20131025', 'aba6c3f3-d6b4-49ea-8a87-43d6056081db', 'a0b03fb8-d529-4baa-b04a-bed3f81c8ae0', '20131025'),
( NEWID(), '998449b6-e3c4-457c-90a8-46ea2efe23b6', 1, 1500000000, '20140801', 'aba6c3f3-d6b4-49ea-8a87-43d6056081db', 'a0b03fb8-d529-4baa-b04a-bed3f81c8ae0', '20131025'),
( NEWID(), 'dad70777-2a7b-4904-ac69-bb08f200061f', 1, 600000000, '20140801', 'ddb93417-c819-4348-9bea-ef7108e7ac20', 'a0b03fb8-d529-4baa-b04a-bed3f81c8ae0', '20131025'),
( NEWID(), 'c5039631-f49d-4ef5-bf15-10e20a9f2e44', 0, 0, '20131025', 'ddb93417-c819-4348-9bea-ef7108e7ac20', 'a0b03fb8-d529-4baa-b04a-bed3f81c8ae0', '20131025'),
( NEWID(), '2a065e37-6a0a-48c4-a764-58ce6accdb37', 0, 0, '20131025', 'ddb93417-c819-4348-9bea-ef7108e7ac20', 'a0b03fb8-d529-4baa-b04a-bed3f81c8ae0', '20131025'),
( NEWID(), '384c3da7-32b8-48f5-a53c-617f3c3779a2', 0, 0, '20131025', 'ddb93417-c819-4348-9bea-ef7108e7ac20', 'a0b03fb8-d529-4baa-b04a-bed3f81c8ae0', '20131025'),
( NEWID(), '998449b6-e3c4-457c-90a8-46ea2efe23b6', 1, 400000000, '20140801', 'ddb93417-c819-4348-9bea-ef7108e7ac20', 'a0b03fb8-d529-4baa-b04a-bed3f81c8ae0', '20131025'),
( NEWID(), 'dad70777-2a7b-4904-ac69-bb08f200061f', 1, 800000000, '20140801', 'f9655a2d-06b1-47b9-85f4-7615686b5699', 'a0b03fb8-d529-4baa-b04a-bed3f81c8ae0', '20131025'),
( NEWID(), 'c5039631-f49d-4ef5-bf15-10e20a9f2e44', 0, 0, '20131025', 'f9655a2d-06b1-47b9-85f4-7615686b5699', 'a0b03fb8-d529-4baa-b04a-bed3f81c8ae0', '20131025'),
( NEWID(), '2a065e37-6a0a-48c4-a764-58ce6accdb37', 0, 0, '20131025', 'f9655a2d-06b1-47b9-85f4-7615686b5699', 'a0b03fb8-d529-4baa-b04a-bed3f81c8ae0', '20131025'),
( NEWID(), '384c3da7-32b8-48f5-a53c-617f3c3779a2', 0, 0, '20131025', 'f9655a2d-06b1-47b9-85f4-7615686b5699', 'a0b03fb8-d529-4baa-b04a-bed3f81c8ae0', '20131025'),
( NEWID(), '998449b6-e3c4-457c-90a8-46ea2efe23b6', 1, 400000000, '20140801', 'f9655a2d-06b1-47b9-85f4-7615686b5699', 'a0b03fb8-d529-4baa-b04a-bed3f81c8ae0', '20131025'),
( NEWID(), 'dad70777-2a7b-4904-ac69-bb08f200061f', 1, 1000000000, '20140801', '7e1cf97e-0959-47ff-8cba-edecd9fb6ad2', 'a0b03fb8-d529-4baa-b04a-bed3f81c8ae0', '20131025'),
( NEWID(), 'c5039631-f49d-4ef5-bf15-10e20a9f2e44', 0, 0, '20131025', '7e1cf97e-0959-47ff-8cba-edecd9fb6ad2', 'a0b03fb8-d529-4baa-b04a-bed3f81c8ae0', '20131025'),
( NEWID(), '2a065e37-6a0a-48c4-a764-58ce6accdb37', 0, 0, '20131025', '7e1cf97e-0959-47ff-8cba-edecd9fb6ad2', 'a0b03fb8-d529-4baa-b04a-bed3f81c8ae0', '20131025'),
( NEWID(), '384c3da7-32b8-48f5-a53c-617f3c3779a2', 0, 0, '20131025', '7e1cf97e-0959-47ff-8cba-edecd9fb6ad2', 'a0b03fb8-d529-4baa-b04a-bed3f81c8ae0', '20131025'),
( NEWID(), '998449b6-e3c4-457c-90a8-46ea2efe23b6', 1, 1000000000, '20140801', '7e1cf97e-0959-47ff-8cba-edecd9fb6ad2', 'a0b03fb8-d529-4baa-b04a-bed3f81c8ae0', '20131025'),
( NEWID(), 'dad70777-2a7b-4904-ac69-bb08f200061f', 1, 600000000, '20140801', '1d545514-c4ac-4c6a-abb5-2680a972b793', 'a0b03fb8-d529-4baa-b04a-bed3f81c8ae0', '20131025'),
( NEWID(), 'c5039631-f49d-4ef5-bf15-10e20a9f2e44', 0, 0, '20131025', '1d545514-c4ac-4c6a-abb5-2680a972b793', 'a0b03fb8-d529-4baa-b04a-bed3f81c8ae0', '20131025'),
( NEWID(), '2a065e37-6a0a-48c4-a764-58ce6accdb37', 0, 0, '20131025', '1d545514-c4ac-4c6a-abb5-2680a972b793', 'a0b03fb8-d529-4baa-b04a-bed3f81c8ae0', '20131025'),
( NEWID(), '384c3da7-32b8-48f5-a53c-617f3c3779a2', 0, 0, '20131025', '1d545514-c4ac-4c6a-abb5-2680a972b793', 'a0b03fb8-d529-4baa-b04a-bed3f81c8ae0', '20131025'),
( NEWID(), '998449b6-e3c4-457c-90a8-46ea2efe23b6', 1, 400000000, '20140801', '1d545514-c4ac-4c6a-abb5-2680a972b793', 'a0b03fb8-d529-4baa-b04a-bed3f81c8ae0', '20131025'),
( NEWID(), 'dad70777-2a7b-4904-ac69-bb08f200061f', 1, 300000000, '20140801', '34ad9121-9fa3-47c0-a5b9-f20f22be2e5e', 'a0b03fb8-d529-4baa-b04a-bed3f81c8ae0', '20131025'),
( NEWID(), 'c5039631-f49d-4ef5-bf15-10e20a9f2e44', 0, 0, '20131025', '34ad9121-9fa3-47c0-a5b9-f20f22be2e5e', 'a0b03fb8-d529-4baa-b04a-bed3f81c8ae0', '20131025'),
( NEWID(), '2a065e37-6a0a-48c4-a764-58ce6accdb37', 0, 0, '20131025', '34ad9121-9fa3-47c0-a5b9-f20f22be2e5e', 'a0b03fb8-d529-4baa-b04a-bed3f81c8ae0', '20131025'),
( NEWID(), '384c3da7-32b8-48f5-a53c-617f3c3779a2', 0, 0, '20131025', '34ad9121-9fa3-47c0-a5b9-f20f22be2e5e', 'a0b03fb8-d529-4baa-b04a-bed3f81c8ae0', '20131025'),
( NEWID(), '998449b6-e3c4-457c-90a8-46ea2efe23b6', 1, 200000000, '20140801', '34ad9121-9fa3-47c0-a5b9-f20f22be2e5e', 'a0b03fb8-d529-4baa-b04a-bed3f81c8ae0', '20131025')


-- Bond Definitions
INSERT INTO MA_INSTRUMENT (ID, LABEL, INS_MKT, ISSUER, LOT_SIZE, COUPON, MATURITY_DATE, CAL_METHOD, ISACTIVE, PRODUCT_ID, FLAG_FIXED, COUPON_FREQ_TYPE_ID, LOG_INSERTBYUSERID, LOG_INSERTDATE) VALUES															
(	NEWID()	, 'A157A'	, 'FI_TH_CORP'	, 'AREEYA'	,1000	,6.1	,'20150731'	, 'TGB'	, 1	, 'f85252d1-bc58-4ac6-8b56-2e228fb0a367'	,1	, '5428f9a1-c983-4ecb-bc3f-8550cffd344e'	, 'a0b03fb8-d529-4baa-b04a-bed3f81c8ae0'	,'20131010'	),
(	NEWID()	, 'AYCAL154A'	, 'FI_TH_CORP'	, 'AYCAL'	,1000	,3.43	,'20150423'	, 'TGB'	, 2	, 'f85252d1-bc58-4ac6-8b56-2e228fb0a367'	,1	, '92d3370d-8a7e-4922-952c-4333f49807d2'	, 'a0b03fb8-d529-4baa-b04a-bed3f81c8ae0'	,'20130627'	),
(	NEWID()	, 'AYCAL155A'	, 'FI_TH_CORP'	, 'AYCAL'	,1000	,4.05	,'20150520'	, 'TGB'	, 3	, 'f85252d1-bc58-4ac6-8b56-2e228fb0a367'	,1	, '5428f9a1-c983-4ecb-bc3f-8550cffd344e'	, 'a0b03fb8-d529-4baa-b04a-bed3f81c8ae0'	,'20130926'	),
(	NEWID()	, 'AYCAL15DA'	, 'FI_TH_CORP'	, 'AYCAL'	,1000	,3.77	,'20151214'	, 'TGB'	, 4	, 'f85252d1-bc58-4ac6-8b56-2e228fb0a367'	,1	, '92d3370d-8a7e-4922-952c-4333f49807d2'	, 'a0b03fb8-d529-4baa-b04a-bed3f81c8ae0'	,'20130927'	),
(	NEWID()	, 'AYCAL15OA'	, 'FI_TH_CORP'	, 'AYCAL'	,1000	,3.98	,'20151030'	, 'TGB'	, 5	, 'f85252d1-bc58-4ac6-8b56-2e228fb0a367'	,1	, '92d3370d-8a7e-4922-952c-4333f49807d2'	, 'a0b03fb8-d529-4baa-b04a-bed3f81c8ae0'	,'20130927'	),
(	NEWID()	, 'AYCAL165A'	, 'FI_TH_CORP'	, 'AYCAL'	,1000	,3.57	,'20160523'	, 'TGB'	, 6	, 'f85252d1-bc58-4ac6-8b56-2e228fb0a367'	,1	, '92d3370d-8a7e-4922-952c-4333f49807d2'	, 'a0b03fb8-d529-4baa-b04a-bed3f81c8ae0'	,'20130926'	),
(	NEWID()	, 'BAAC148A'	, 'FI_TH_CORP'	, 'BAAC'	,1000	,3.28	,'20140810'	, 'TGB'	, 7	, 'f85252d1-bc58-4ac6-8b56-2e228fb0a367'	,1	, '92d3370d-8a7e-4922-952c-4333f49807d2'	, 'a0b03fb8-d529-4baa-b04a-bed3f81c8ae0'	,'20130925'	),
(	NEWID()	, 'BANPU264A'	, 'FI_TH_CORP'	, 'Banpu PCL.'	,1000	,5.09	,'20260401'	, 'TGB'	, 8	, 'f85252d1-bc58-4ac6-8b56-2e228fb0a367'	,1	, '92d3370d-8a7e-4922-952c-4333f49807d2'	, 'a0b03fb8-d529-4baa-b04a-bed3f81c8ae0'	,'20130627'	),
(	NEWID()	, 'BAY142B'	, 'FI_TH_CORP'	, 'BAY'	,1000	,3.7	,'20140224'	, 'TGB'	, 9	, 'f85252d1-bc58-4ac6-8b56-2e228fb0a367'	,1	, '5428f9a1-c983-4ecb-bc3f-8550cffd344e'	, 'a0b03fb8-d529-4baa-b04a-bed3f81c8ae0'	,'20130905'	),
(	NEWID()	, 'BAY206A'	, 'FI_TH_CORP'	, 'BAY'	,1000	,4.35	,'20200623'	, 'TGB'	, 10	, 'f85252d1-bc58-4ac6-8b56-2e228fb0a367'	,1	, '5428f9a1-c983-4ecb-bc3f-8550cffd344e'	, 'a0b03fb8-d529-4baa-b04a-bed3f81c8ae0'	,'20131008'	),
(	NEWID()	, 'BCH173A'	, 'FI_TH_CORP'	, 'BCH'	,1000	,4.31	,'20170319'	, 'TGB'	, 11	, 'f85252d1-bc58-4ac6-8b56-2e228fb0a367'	,1	, '92d3370d-8a7e-4922-952c-4333f49807d2'	, 'a0b03fb8-d529-4baa-b04a-bed3f81c8ae0'	,'20130918'	),
(	NEWID()	, 'BECL163A'	, 'FI_TH_CORP'	, 'BECL'	,1000	,3.6	,'20160306'	, 'TGB'	, 12	, 'f85252d1-bc58-4ac6-8b56-2e228fb0a367'	,1	, '92d3370d-8a7e-4922-952c-4333f49807d2'	, 'a0b03fb8-d529-4baa-b04a-bed3f81c8ae0'	,'20130808'	),
(	NEWID()	, 'BECL183A'	, 'FI_TH_CORP'	, 'BECL'	,1000	,4.03	,'20180306'	, 'TGB'	, 13	, 'f85252d1-bc58-4ac6-8b56-2e228fb0a367'	,1	, '92d3370d-8a7e-4922-952c-4333f49807d2'	, 'a0b03fb8-d529-4baa-b04a-bed3f81c8ae0'	,'20130913'	),
(	NEWID()	, 'BH16DA'	, 'FI_TH_CORP'	, 'BH'	,1000	,4.13	,'20161220'	, 'TGB'	, 14	, 'f85252d1-bc58-4ac6-8b56-2e228fb0a367'	,1	, '92d3370d-8a7e-4922-952c-4333f49807d2'	, 'a0b03fb8-d529-4baa-b04a-bed3f81c8ae0'	,'20130926'	),
(	NEWID()	, 'BMTA178A'	, 'FI_TH_CORP'	, 'BMTA'	,1000	,3.44	,'20170829'	, 'TGB'	, 15	, 'f85252d1-bc58-4ac6-8b56-2e228fb0a367'	,1	, '92d3370d-8a7e-4922-952c-4333f49807d2'	, 'a0b03fb8-d529-4baa-b04a-bed3f81c8ae0'	,'20130627'	),
(	NEWID()	, 'BMTA19DA'	, 'FI_TH_CORP'	, 'BMTA'	,1000	,4.38	,'20191204'	, 'TGB'	, 16	, 'f85252d1-bc58-4ac6-8b56-2e228fb0a367'	,1	, '92d3370d-8a7e-4922-952c-4333f49807d2'	, 'a0b03fb8-d529-4baa-b04a-bed3f81c8ae0'	,'20130926'	),
(	NEWID()	, 'BOT14OA'	, 'FI_TH_GOV'	, 'BOT'	,1000	,3.2	,'20141022'	, 'TGB'	, 17	, 'f85252d1-bc58-4ac6-8b56-2e228fb0a367'	,1	, '92d3370d-8a7e-4922-952c-4333f49807d2'	, 'a0b03fb8-d529-4baa-b04a-bed3f81c8ae0'	,'20130913'	),
(	NEWID()	, 'BOT151A'	, 'FI_TH_GOV'	, 'BOT'	,1000	,3.05	,'20150130'	, 'TGB'	, 18	, 'f85252d1-bc58-4ac6-8b56-2e228fb0a367'	,1	, '92d3370d-8a7e-4922-952c-4333f49807d2'	, 'a0b03fb8-d529-4baa-b04a-bed3f81c8ae0'	,'20130730'	),
(	NEWID()	, 'BOT152C'	, 'FI_TH_GOV'	, 'BOT'	,1000	,2.8	,'20150218'	, 'TGB'	, 19	, 'f85252d1-bc58-4ac6-8b56-2e228fb0a367'	,1	, '92d3370d-8a7e-4922-952c-4333f49807d2'	, 'a0b03fb8-d529-4baa-b04a-bed3f81c8ae0'	,'20130730'	),
(	NEWID()	, 'BOT157A'	, 'FI_TH_GOV'	, 'BOT'	,1000	,3.3	,'20150716'	, 'TGB'	, 20	, 'f85252d1-bc58-4ac6-8b56-2e228fb0a367'	,1	, '92d3370d-8a7e-4922-952c-4333f49807d2'	, 'a0b03fb8-d529-4baa-b04a-bed3f81c8ae0'	,'20130730'	),
(	NEWID()	, 'BOT158A'	, 'FI_TH_GOV'	, 'BOT'	,1000	,0	,'20150819'	, 'TGB'	, 21	, 'f85252d1-bc58-4ac6-8b56-2e228fb0a367'	,1	, '92d3370d-8a7e-4922-952c-4333f49807d2'	, 'a0b03fb8-d529-4baa-b04a-bed3f81c8ae0'	,'20130815'	),
(	NEWID()	, 'BOT161A'	, 'FI_TH_GOV'	, 'BOT'	,1000	,2.95	,'20160114'	, 'TGB'	, 22	, 'f85252d1-bc58-4ac6-8b56-2e228fb0a367'	,1	, '92d3370d-8a7e-4922-952c-4333f49807d2'	, 'a0b03fb8-d529-4baa-b04a-bed3f81c8ae0'	,'20130730'	),
(	NEWID()	, 'BOT163A'	, 'FI_TH_GOV'	, 'BOT'	,1000	,3.22	,'20160301'	, 'TGB'	, 23	, 'f85252d1-bc58-4ac6-8b56-2e228fb0a367'	,1	, '92d3370d-8a7e-4922-952c-4333f49807d2'	, 'a0b03fb8-d529-4baa-b04a-bed3f81c8ae0'	,'20130730'	),
(	NEWID()	, 'BOT167A'	, 'FI_TH_GOV'	, 'BOT'	,1000	,3.05	,'20160723'	, 'TGB'	, 24	, 'f85252d1-bc58-4ac6-8b56-2e228fb0a367'	,1	, '92d3370d-8a7e-4922-952c-4333f49807d2'	, 'a0b03fb8-d529-4baa-b04a-bed3f81c8ae0'	,'20130730'	),
(	NEWID()	, 'BP165A'	, 'FI_TH_CORP'	, 'BANPU'	,1000	,4.9	,'20160514'	, 'TGB'	, 25	, 'f85252d1-bc58-4ac6-8b56-2e228fb0a367'	,1	, '92d3370d-8a7e-4922-952c-4333f49807d2'	, 'a0b03fb8-d529-4baa-b04a-bed3f81c8ae0'	,'20130917'	),
(	NEWID()	, 'BTG184A'	, 'FI_TH_CORP'	, 'BTG'	,1000	,4.04	,'20180411'	, 'TGB'	, 26	, 'f85252d1-bc58-4ac6-8b56-2e228fb0a367'	,1	, '92d3370d-8a7e-4922-952c-4333f49807d2'	, 'a0b03fb8-d529-4baa-b04a-bed3f81c8ae0'	,'20130913'	),
(	NEWID()	, 'CB13801C'	, 'FI_TH_GOV'	, 'BOT'	,1000	,0	,'20130801'	, 'Thai Market'	, 27	, 'f85252d1-bc58-4ac6-8b56-2e228fb0a367'	,1	, '54d788ce-a919-44ef-b5c7-80ee53d2c56f'	, 'a0b03fb8-d529-4baa-b04a-bed3f81c8ae0'	,'20130730'	),
(	NEWID()	, 'CB13815C'	, 'FI_TH_GOV'	, 'BOT'	,1000	,0	,'20130815'	, 'Thai Market'	, 28	, 'f85252d1-bc58-4ac6-8b56-2e228fb0a367'	,1	, '54d788ce-a919-44ef-b5c7-80ee53d2c56f'	, 'a0b03fb8-d529-4baa-b04a-bed3f81c8ae0'	,'20130730'	),
(	NEWID()	, 'CB13829A'	, 'FI_TH_GOV'	, 'BOT'	,1000	,0	,'20130829'	, 'Thai Market'	, 29	, 'f85252d1-bc58-4ac6-8b56-2e228fb0a367'	,1	, '54d788ce-a919-44ef-b5c7-80ee53d2c56f'	, 'a0b03fb8-d529-4baa-b04a-bed3f81c8ae0'	,'20130730'	),
(	NEWID()	, 'CB13829C'	, 'FI_TH_GOV'	, 'BOT'	,1000	,0	,'20130829'	, 'Thai Market'	, 30	, 'f85252d1-bc58-4ac6-8b56-2e228fb0a367'	,1	, '54d788ce-a919-44ef-b5c7-80ee53d2c56f'	, 'a0b03fb8-d529-4baa-b04a-bed3f81c8ae0'	,'20130731'	),
(	NEWID()	, 'CB13903A'	, 'FI_TH_GOV'	, 'BOT'	,1000	,0	,'20130903'	, 'Thai Market'	, 31	, 'f85252d1-bc58-4ac6-8b56-2e228fb0a367'	,1	, '54d788ce-a919-44ef-b5c7-80ee53d2c56f'	, 'a0b03fb8-d529-4baa-b04a-bed3f81c8ae0'	,'20130816'	),
(	NEWID()	, 'CB13912C'	, 'FI_TH_GOV'	, 'BOT'	,1000	,0	,'20130912'	, 'Thai Market'	, 32	, 'f85252d1-bc58-4ac6-8b56-2e228fb0a367'	,1	, '54d788ce-a919-44ef-b5c7-80ee53d2c56f'	, 'a0b03fb8-d529-4baa-b04a-bed3f81c8ae0'	,'20130813'	),
(	NEWID()	, 'CB13919C'	, 'FI_TH_GOV'	, 'BOT'	,1000	,0	,'20130919'	, 'Thai Market'	, 33	, 'f85252d1-bc58-4ac6-8b56-2e228fb0a367'	,1	, '54d788ce-a919-44ef-b5c7-80ee53d2c56f'	, 'a0b03fb8-d529-4baa-b04a-bed3f81c8ae0'	,'20130820'	),
(	NEWID()	, 'CB13924A'	, 'FI_TH_GOV'	, 'BOT'	,1000	,0	,'20130924'	, 'Thai Market'	, 34	, 'f85252d1-bc58-4ac6-8b56-2e228fb0a367'	,1	, '54d788ce-a919-44ef-b5c7-80ee53d2c56f'	, 'a0b03fb8-d529-4baa-b04a-bed3f81c8ae0'	,'20130906'	),
(	NEWID()	, 'CB13926A'	, 'FI_TH_GOV'	, 'BOT'	,1000	,0	,'20130926'	, 'Thai Market'	, 35	, 'f85252d1-bc58-4ac6-8b56-2e228fb0a367'	,1	, '54d788ce-a919-44ef-b5c7-80ee53d2c56f'	, 'a0b03fb8-d529-4baa-b04a-bed3f81c8ae0'	,'20130919'	),
(	NEWID()	, 'CB13926B'	, 'FI_TH_GOV'	, 'BOT'	,1000	,0	,'20130926'	, 'Thai Market'	, 36	, 'f85252d1-bc58-4ac6-8b56-2e228fb0a367'	,1	, '54d788ce-a919-44ef-b5c7-80ee53d2c56f'	, 'a0b03fb8-d529-4baa-b04a-bed3f81c8ae0'	,'20130802'	),
(	NEWID()	, 'CB13926C'	, 'FI_TH_GOV'	, 'BOT'	,1000	,0	,'20130926'	, 'Thai Market'	, 37	, 'f85252d1-bc58-4ac6-8b56-2e228fb0a367'	,1	, '54d788ce-a919-44ef-b5c7-80ee53d2c56f'	, 'a0b03fb8-d529-4baa-b04a-bed3f81c8ae0'	,'20130919'	),
(	NEWID()	, 'CB13D06B'	, 'FI_TH_GOV'	, 'BOT'	,1000	,0	,'20131206'	, 'Thai Market'	, 38	, 'f85252d1-bc58-4ac6-8b56-2e228fb0a367'	,1	, '54d788ce-a919-44ef-b5c7-80ee53d2c56f'	, 'a0b03fb8-d529-4baa-b04a-bed3f81c8ae0'	,'20130903'	),
(	NEWID()	, 'CB13D12B'	, 'FI_TH_GOV'	, 'BOT'	,1000	,0	,'20131212'	, 'Thai Market'	, 39	, 'f85252d1-bc58-4ac6-8b56-2e228fb0a367'	,1	, '54d788ce-a919-44ef-b5c7-80ee53d2c56f'	, 'a0b03fb8-d529-4baa-b04a-bed3f81c8ae0'	,'20130910'	),
(	NEWID()	, 'CB13D19A'	, 'FI_TH_GOV'	, 'BOT'	,1000	,0	,'20131219'	, 'Thai Market'	, 40	, 'f85252d1-bc58-4ac6-8b56-2e228fb0a367'	,1	, '54d788ce-a919-44ef-b5c7-80ee53d2c56f'	, 'a0b03fb8-d529-4baa-b04a-bed3f81c8ae0'	,'20130730'	),
(	NEWID()	, 'CB13D19B'	, 'FI_TH_GOV'	, 'BOT'	,1000	,0	,'20131219'	, 'Thai Market'	, 41	, 'f85252d1-bc58-4ac6-8b56-2e228fb0a367'	,1	, '54d788ce-a919-44ef-b5c7-80ee53d2c56f'	, 'a0b03fb8-d529-4baa-b04a-bed3f81c8ae0'	,'20130917'	),
(	NEWID()	, 'CB13D26A'	, 'FI_TH_GOV'	, 'BOT'	,1000	,0	,'20131226'	, 'Thai Market'	, 42	, 'f85252d1-bc58-4ac6-8b56-2e228fb0a367'	,1	, '54d788ce-a919-44ef-b5c7-80ee53d2c56f'	, 'a0b03fb8-d529-4baa-b04a-bed3f81c8ae0'	,'20130730'	),
(	NEWID()	, 'CB13D26B'	, 'FI_TH_GOV'	, 'BOT'	,1000	,0	,'20131226'	, 'Thai Market'	, 43	, 'f85252d1-bc58-4ac6-8b56-2e228fb0a367'	,1	, '54d788ce-a919-44ef-b5c7-80ee53d2c56f'	, 'a0b03fb8-d529-4baa-b04a-bed3f81c8ae0'	,'20130924'	),
(	NEWID()	, 'CB13N07B'	, 'FI_TH_GOV'	, 'BOT'	,1000	,0	,'20131107'	, 'Thai Market'	, 44	, 'f85252d1-bc58-4ac6-8b56-2e228fb0a367'	,1	, '54d788ce-a919-44ef-b5c7-80ee53d2c56f'	, 'a0b03fb8-d529-4baa-b04a-bed3f81c8ae0'	,'20130806'	),
(	NEWID()	, 'CB13N14B'	, 'FI_TH_GOV'	, 'BOT'	,1000	,0	,'20131114'	, 'Thai Market'	, 45	, 'f85252d1-bc58-4ac6-8b56-2e228fb0a367'	,1	, '54d788ce-a919-44ef-b5c7-80ee53d2c56f'	, 'a0b03fb8-d529-4baa-b04a-bed3f81c8ae0'	,'20130813'	),
(	NEWID()	, 'CB13N21A'	, 'FI_TH_GOV'	, 'BOT'	,1000	,0	,'20131121'	, 'Thai Market'	, 46	, 'f85252d1-bc58-4ac6-8b56-2e228fb0a367'	,1	, '54d788ce-a919-44ef-b5c7-80ee53d2c56f'	, 'a0b03fb8-d529-4baa-b04a-bed3f81c8ae0'	,'20130730'	),
(	NEWID()	, 'CB13N21B'	, 'FI_TH_GOV'	, 'BOT'	,1000	,0	,'20131121'	, 'Thai Market'	, 47	, 'f85252d1-bc58-4ac6-8b56-2e228fb0a367'	,1	, '54d788ce-a919-44ef-b5c7-80ee53d2c56f'	, 'a0b03fb8-d529-4baa-b04a-bed3f81c8ae0'	,'20130820'	),
(	NEWID()	, 'CB13N28A'	, 'FI_TH_GOV'	, 'BOT'	,1000	,0	,'20131128'	, 'Thai Market'	, 48	, 'f85252d1-bc58-4ac6-8b56-2e228fb0a367'	,1	, '54d788ce-a919-44ef-b5c7-80ee53d2c56f'	, 'a0b03fb8-d529-4baa-b04a-bed3f81c8ae0'	,'20130917'	),
(	NEWID()	, 'CB13O03A'	, 'FI_TH_GOV'	, 'BOT'	,1000	,0	,'20131003'	, 'Thai Market'	, 49	, 'f85252d1-bc58-4ac6-8b56-2e228fb0a367'	,1	, '54d788ce-a919-44ef-b5c7-80ee53d2c56f'	, 'a0b03fb8-d529-4baa-b04a-bed3f81c8ae0'	,'20130920'	),
(	NEWID()	, 'CB13O03B'	, 'FI_TH_GOV'	, 'BOT'	,1000	,0	,'20131003'	, 'Thai Market'	, 50	, 'f85252d1-bc58-4ac6-8b56-2e228fb0a367'	,1	, '54d788ce-a919-44ef-b5c7-80ee53d2c56f'	, 'a0b03fb8-d529-4baa-b04a-bed3f81c8ae0'	,'20130917'	),
(	NEWID()	, 'CB13O08A'	, 'FI_TH_GOV'	, 'BOT'	,1000	,0	,'20131008'	, 'Thai Market'	, 51	, 'f85252d1-bc58-4ac6-8b56-2e228fb0a367'	,1	, '54d788ce-a919-44ef-b5c7-80ee53d2c56f'	, 'a0b03fb8-d529-4baa-b04a-bed3f81c8ae0'	,'20130920'	),
(	NEWID()	, 'CB13O10A'	, 'FI_TH_GOV'	, 'BOT'	,1000	,0	,'20131010'	, 'Thai Market'	, 52	, 'f85252d1-bc58-4ac6-8b56-2e228fb0a367'	,1	, '54d788ce-a919-44ef-b5c7-80ee53d2c56f'	, 'a0b03fb8-d529-4baa-b04a-bed3f81c8ae0'	,'20130730'	),
(	NEWID()	, 'CB13O15A'	, 'FI_TH_GOV'	, 'BOT'	,1000	,0	,'20131015'	, 'Thai Market'	, 53	, 'f85252d1-bc58-4ac6-8b56-2e228fb0a367'	,1	, '54d788ce-a919-44ef-b5c7-80ee53d2c56f'	, 'a0b03fb8-d529-4baa-b04a-bed3f81c8ae0'	,'20130927'	),
(	NEWID()	, 'CB13O17A'	, 'FI_TH_GOV'	, 'BOT'	,1000	,0	,'20131017'	, 'Thai Market'	, 54	, 'f85252d1-bc58-4ac6-8b56-2e228fb0a367'	,1	, '54d788ce-a919-44ef-b5c7-80ee53d2c56f'	, 'a0b03fb8-d529-4baa-b04a-bed3f81c8ae0'	,'20130820'	),
(	NEWID()	, 'CB13O17B'	, 'FI_TH_GOV'	, 'BOT'	,1000	,0	,'20131017'	, 'Thai Market'	, 55	, 'f85252d1-bc58-4ac6-8b56-2e228fb0a367'	,1	, '54d788ce-a919-44ef-b5c7-80ee53d2c56f'	, 'a0b03fb8-d529-4baa-b04a-bed3f81c8ae0'	,'20130820'	),
(	NEWID()	, 'CB13O24A'	, 'FI_TH_GOV'	, 'BOT'	,1000	,0	,'20131024'	, 'Thai Market'	, 56	, 'f85252d1-bc58-4ac6-8b56-2e228fb0a367'	,1	, '54d788ce-a919-44ef-b5c7-80ee53d2c56f'	, 'a0b03fb8-d529-4baa-b04a-bed3f81c8ae0'	,'20131001'	),
(	NEWID()	, 'CB13O29A'	, 'FI_TH_GOV'	, 'BOT'	,1000	,0	,'20131029'	, 'Thai Market'	, 57	, 'f85252d1-bc58-4ac6-8b56-2e228fb0a367'	,1	, '54d788ce-a919-44ef-b5c7-80ee53d2c56f'	, 'a0b03fb8-d529-4baa-b04a-bed3f81c8ae0'	,'20131011'	),
(	NEWID()	, 'CB13O31A'	, 'FI_TH_GOV'	, 'BOT'	,1000	,0	,'20131031'	, 'Thai Market'	, 58	, 'f85252d1-bc58-4ac6-8b56-2e228fb0a367'	,1	, '54d788ce-a919-44ef-b5c7-80ee53d2c56f'	, 'a0b03fb8-d529-4baa-b04a-bed3f81c8ae0'	,'20130730'	),
(	NEWID()	, 'CB13O31C'	, 'FI_TH_GOV'	, 'BOT'	,1000	,0	,'20131031'	, 'Thai Market'	, 59	, 'f85252d1-bc58-4ac6-8b56-2e228fb0a367'	,1	, '54d788ce-a919-44ef-b5c7-80ee53d2c56f'	, 'a0b03fb8-d529-4baa-b04a-bed3f81c8ae0'	,'20130730'	),
(	NEWID()	, 'CB14102B'	, 'FI_TH_GOV'	, 'BOT'	,1000	,0	,'20140102'	, 'Thai Market'	, 60	, 'f85252d1-bc58-4ac6-8b56-2e228fb0a367'	,1	, '54d788ce-a919-44ef-b5c7-80ee53d2c56f'	, 'a0b03fb8-d529-4baa-b04a-bed3f81c8ae0'	,'20131001'	),
(	NEWID()	, 'CB14109A'	, 'FI_TH_GOV'	, 'BOT'	,1000	,0	,'20140109'	, 'Thai Market'	, 61	, 'f85252d1-bc58-4ac6-8b56-2e228fb0a367'	,1	, '54d788ce-a919-44ef-b5c7-80ee53d2c56f'	, 'a0b03fb8-d529-4baa-b04a-bed3f81c8ae0'	,'20130730'	),
(	NEWID()	, 'CB14109C'	, 'FI_TH_GOV'	, 'BOT'	,1000	,0	,'20140109'	, 'Thai Market'	, 62	, 'f85252d1-bc58-4ac6-8b56-2e228fb0a367'	,1	, '54d788ce-a919-44ef-b5c7-80ee53d2c56f'	, 'a0b03fb8-d529-4baa-b04a-bed3f81c8ae0'	,'20131008'	),
(	NEWID()	, 'CB14206A'	, 'FI_TH_GOV'	, 'BOT'	,1000	,0	,'20140206'	, 'Thai Market'	, 63	, 'f85252d1-bc58-4ac6-8b56-2e228fb0a367'	,1	, '54d788ce-a919-44ef-b5c7-80ee53d2c56f'	, 'a0b03fb8-d529-4baa-b04a-bed3f81c8ae0'	,'20130806'	),
(	NEWID()	, 'CB14213A'	, 'FI_TH_GOV'	, 'BOT'	,1000	,0	,'20140213'	, 'Thai Market'	, 64	, 'f85252d1-bc58-4ac6-8b56-2e228fb0a367'	,1	, '54d788ce-a919-44ef-b5c7-80ee53d2c56f'	, 'a0b03fb8-d529-4baa-b04a-bed3f81c8ae0'	,'20130813'	),
(	NEWID()	, 'CB14220A'	, 'FI_TH_GOV'	, 'BOT'	,1000	,0	,'20140220'	, 'Thai Market'	, 65	, 'f85252d1-bc58-4ac6-8b56-2e228fb0a367'	,1	, '54d788ce-a919-44ef-b5c7-80ee53d2c56f'	, 'a0b03fb8-d529-4baa-b04a-bed3f81c8ae0'	,'20130820'	),
(	NEWID()	, 'CB14313A'	, 'FI_TH_GOV'	, 'BOT'	,1000	,0	,'20140313'	, 'Thai Market'	, 66	, 'f85252d1-bc58-4ac6-8b56-2e228fb0a367'	,1	, '54d788ce-a919-44ef-b5c7-80ee53d2c56f'	, 'a0b03fb8-d529-4baa-b04a-bed3f81c8ae0'	,'20130910'	),
(	NEWID()	, 'CB14320A'	, 'FI_TH_GOV'	, 'BOT'	,1000	,0	,'20140320'	, 'Thai Market'	, 67	, 'f85252d1-bc58-4ac6-8b56-2e228fb0a367'	,1	, '54d788ce-a919-44ef-b5c7-80ee53d2c56f'	, 'a0b03fb8-d529-4baa-b04a-bed3f81c8ae0'	,'20130917'	),
(	NEWID()	, 'CB14327A'	, 'FI_TH_GOV'	, 'BOT'	,1000	,0	,'20140327'	, 'Thai Market'	, 68	, 'f85252d1-bc58-4ac6-8b56-2e228fb0a367'	,1	, '54d788ce-a919-44ef-b5c7-80ee53d2c56f'	, 'a0b03fb8-d529-4baa-b04a-bed3f81c8ae0'	,'20130924'	),
(	NEWID()	, 'CB14410A'	, 'FI_TH_GOV'	, 'BOT'	,1000	,0	,'20140410'	, 'Thai Market'	, 69	, 'f85252d1-bc58-4ac6-8b56-2e228fb0a367'	,1	, '54d788ce-a919-44ef-b5c7-80ee53d2c56f'	, 'a0b03fb8-d529-4baa-b04a-bed3f81c8ae0'	,'20130730'	),
(	NEWID()	, 'CB14410B'	, 'FI_TH_GOV'	, 'BOT'	,1000	,0	,'20140410'	, 'Thai Market'	, 70	, 'f85252d1-bc58-4ac6-8b56-2e228fb0a367'	,1	, '54d788ce-a919-44ef-b5c7-80ee53d2c56f'	, 'a0b03fb8-d529-4baa-b04a-bed3f81c8ae0'	,'20131008'	),
(	NEWID()	, 'CB14703A'	, 'FI_TH_GOV'	, 'BOT'	,1000	,0	,'20140703'	, 'Thai Market'	, 71	, 'f85252d1-bc58-4ac6-8b56-2e228fb0a367'	,1	, '54d788ce-a919-44ef-b5c7-80ee53d2c56f'	, 'a0b03fb8-d529-4baa-b04a-bed3f81c8ae0'	,'20130730'	),
(	NEWID()	, 'CITI143A'	, 'FI_TH_CORP'	, 'CITI'	,1000	,3.82	,'20140317'	, 'TGB'	, 72	, 'f85252d1-bc58-4ac6-8b56-2e228fb0a367'	,1	, '92d3370d-8a7e-4922-952c-4333f49807d2'	, 'a0b03fb8-d529-4baa-b04a-bed3f81c8ae0'	,'20130910'	),
(	NEWID()	, 'CITI174A'	, 'FI_TH_CORP'	, 'CITI'	,1000	,4.68	,'20170404'	, 'TGB'	, 73	, 'f85252d1-bc58-4ac6-8b56-2e228fb0a367'	,1	, '92d3370d-8a7e-4922-952c-4333f49807d2'	, 'a0b03fb8-d529-4baa-b04a-bed3f81c8ae0'	,'20130913'	),
(	NEWID()	, 'CPF14NA'	, 'FI_TH_CORP'	, 'CPF'	,1000	,4.3	,'20141125'	, 'TGB'	, 74	, 'f85252d1-bc58-4ac6-8b56-2e228fb0a367'	,1	, '92d3370d-8a7e-4922-952c-4333f49807d2'	, 'a0b03fb8-d529-4baa-b04a-bed3f81c8ae0'	,'20131008'	),
(	NEWID()	, 'CPF15NA'	, 'FI_TH_CORP'	, 'CPF'	,1000	,4.8	,'20151125'	, 'TGB'	, 75	, 'f85252d1-bc58-4ac6-8b56-2e228fb0a367'	,1	, '92d3370d-8a7e-4922-952c-4333f49807d2'	, 'a0b03fb8-d529-4baa-b04a-bed3f81c8ae0'	,'20130912'	),
(	NEWID()	, 'CPF178A'	, 'FI_TH_CORP'	, 'CPF'	,1000	,4.04	,'20170802'	, 'TGB'	, 76	, 'f85252d1-bc58-4ac6-8b56-2e228fb0a367'	,1	, '92d3370d-8a7e-4922-952c-4333f49807d2'	, 'a0b03fb8-d529-4baa-b04a-bed3f81c8ae0'	,'20130731'	),
(	NEWID()	, 'GLOW18NA'	, 'FI_TH_CORP'	, 'Glow Energy'	,1000	,4.2	,'20181115'	, 'TGB'	, 77	, 'f85252d1-bc58-4ac6-8b56-2e228fb0a367'	,1	, '92d3370d-8a7e-4922-952c-4333f49807d2'	, 'a0b03fb8-d529-4baa-b04a-bed3f81c8ae0'	,'20130627'	),
(	NEWID()	, 'HMPRO159B'	, 'FI_TH_CORP'	, 'HOMEPRO'	,1000	,3.85	,'20150914'	, 'TGB'	, 78	, 'f85252d1-bc58-4ac6-8b56-2e228fb0a367'	,1	, '92d3370d-8a7e-4922-952c-4333f49807d2'	, 'a0b03fb8-d529-4baa-b04a-bed3f81c8ae0'	,'20130926'	),
(	NEWID()	, 'HMPRO169A'	, 'FI_TH_CORP'	, 'HMPRO'	,1000	,4.05	,'20160918'	, 'TGB'	, 79	, 'f85252d1-bc58-4ac6-8b56-2e228fb0a367'	,1	, '92d3370d-8a7e-4922-952c-4333f49807d2'	, 'a0b03fb8-d529-4baa-b04a-bed3f81c8ae0'	,'20130916'	),
(	NEWID()	, 'IVL224A'	, 'FI_TH_CORP'	, 'IVL'	,1000	,5.1	,'20220405'	, 'TGB'	, 80	, 'f85252d1-bc58-4ac6-8b56-2e228fb0a367'	,1	, '92d3370d-8a7e-4922-952c-4333f49807d2'	, 'a0b03fb8-d529-4baa-b04a-bed3f81c8ae0'	,'20130808'	),
(	NEWID()	, 'KTB192A'	, 'FI_TH_CORP'	, 'KTB'	,1000	,5	,'20190220'	, 'TGB'	, 81	, 'f85252d1-bc58-4ac6-8b56-2e228fb0a367'	,1	, '5428f9a1-c983-4ecb-bc3f-8550cffd344e'	, 'a0b03fb8-d529-4baa-b04a-bed3f81c8ae0'	,'20130808'	),
(	NEWID()	, 'KTB19OA'	, 'FI_TH_CORP'	, 'KTB'	,1000	,4.8	,'20191022'	, 'TGB'	, 82	, 'f85252d1-bc58-4ac6-8b56-2e228fb0a367'	,1	, '54d788ce-a919-44ef-b5c7-80ee53d2c56f'	, 'a0b03fb8-d529-4baa-b04a-bed3f81c8ae0'	,'20131003'	),
(	NEWID()	, 'KTC13NA'	, 'FI_TH_CORP'	, 'KTC'	,1000	,5.5	,'20131105'	, 'TGB'	, 83	, 'f85252d1-bc58-4ac6-8b56-2e228fb0a367'	,1	, '5428f9a1-c983-4ecb-bc3f-8550cffd344e'	, 'a0b03fb8-d529-4baa-b04a-bed3f81c8ae0'	,'20130912'	),
(	NEWID()	, 'LB145A'	, 'FI_TH_GOV'	, 'MOF'	,1000	,4.875	,'20140514'	, 'TGB'	, 84	, 'f85252d1-bc58-4ac6-8b56-2e228fb0a367'	,1	, '92d3370d-8a7e-4922-952c-4333f49807d2'	, 'a0b03fb8-d529-4baa-b04a-bed3f81c8ae0'	,'20130709'	),
(	NEWID()	, 'LB145B'	, 'FI_TH_GOV'	, 'MOF'	,1000	,5.25	,'20140512'	, 'TGB'	, 85	, 'f85252d1-bc58-4ac6-8b56-2e228fb0a367'	,1	, '92d3370d-8a7e-4922-952c-4333f49807d2'	, 'a0b03fb8-d529-4baa-b04a-bed3f81c8ae0'	,'20130816'	),
(	NEWID()	, 'LB155A'	, 'FI_TH_GOV'	, 'MOF'	,1000	,3.625	,'20150522'	, 'TGB'	, 86	, 'f85252d1-bc58-4ac6-8b56-2e228fb0a367'	,1	, '54d788ce-a919-44ef-b5c7-80ee53d2c56f'	, 'a0b03fb8-d529-4baa-b04a-bed3f81c8ae0'	,'20130715'	),
(	NEWID()	, 'LB157A'	, 'FI_TH_GOV'	, 'MOF'	,1000	,7.2	,'20150707'	, 'TGB'	, 87	, 'f85252d1-bc58-4ac6-8b56-2e228fb0a367'	,1	, '54d788ce-a919-44ef-b5c7-80ee53d2c56f'	, 'a0b03fb8-d529-4baa-b04a-bed3f81c8ae0'	,'20130822'	),
(	NEWID()	, 'LB15DA'	, 'FI_TH_GOV'	, 'MOF'	,1000	,3.125	,'20151211'	, 'TGB'	, 88	, 'f85252d1-bc58-4ac6-8b56-2e228fb0a367'	,1	, '92d3370d-8a7e-4922-952c-4333f49807d2'	, 'a0b03fb8-d529-4baa-b04a-bed3f81c8ae0'	,'20130710'	),
(	NEWID()	, 'LB175A'	, 'FI_TH_GOV'	, 'MOF'	,1000	,5	,'20170526'	, 'TGB'	, 89	, 'f85252d1-bc58-4ac6-8b56-2e228fb0a367'	,1	, '92d3370d-8a7e-4922-952c-4333f49807d2'	, 'a0b03fb8-d529-4baa-b04a-bed3f81c8ae0'	,'20130715'	),
(	NEWID()	, 'LB176A'	, 'FI_TH_GOV'	, 'MOF'	,1000	,3.25	,'20170616'	, 'TGB'	, 90	, 'f85252d1-bc58-4ac6-8b56-2e228fb0a367'	,1	, '92d3370d-8a7e-4922-952c-4333f49807d2'	, 'a0b03fb8-d529-4baa-b04a-bed3f81c8ae0'	,'20130715'	),
(	NEWID()	, 'LB17OA'	, 'FI_TH_GOV'	, 'MOF'	,1000	,2.8	,'20171010'	, 'TGB'	, 91	, 'f85252d1-bc58-4ac6-8b56-2e228fb0a367'	,1	, '92d3370d-8a7e-4922-952c-4333f49807d2'	, 'a0b03fb8-d529-4baa-b04a-bed3f81c8ae0'	,'20130715'	),
(	NEWID()	, 'LB193A'	, 'FI_TH_GOV'	, 'MOF'	,1000	,3.45	,'20190308'	, 'TGB'	, 92	, 'f85252d1-bc58-4ac6-8b56-2e228fb0a367'	,1	, '92d3370d-8a7e-4922-952c-4333f49807d2'	, 'a0b03fb8-d529-4baa-b04a-bed3f81c8ae0'	,'20130816'	),
(	NEWID()	, 'LB196A'	, 'FI_TH_GOV'	, 'MOF'	,1000	,3.875	,'20190613'	, 'TGB'	, 93	, 'f85252d1-bc58-4ac6-8b56-2e228fb0a367'	,1	, '92d3370d-8a7e-4922-952c-4333f49807d2'	, 'a0b03fb8-d529-4baa-b04a-bed3f81c8ae0'	,'20130715'	),
(	NEWID()	, 'LB21DA'	, 'FI_TH_GOV'	, 'MOF'	,1000	,3.65	,'20211215'	, 'TGB'	, 94	, 'f85252d1-bc58-4ac6-8b56-2e228fb0a367'	,1	, '92d3370d-8a7e-4922-952c-4333f49807d2'	, 'a0b03fb8-d529-4baa-b04a-bed3f81c8ae0'	,'20130710'	),
(	NEWID()	, 'LB236A'	, 'FI_TH_GOV'	, 'MOF'	,1000	,3.625	,'20230616'	, 'TGB'	, 95	, 'f85252d1-bc58-4ac6-8b56-2e228fb0a367'	,1	, '92d3370d-8a7e-4922-952c-4333f49807d2'	, 'a0b03fb8-d529-4baa-b04a-bed3f81c8ae0'	,'20130730'	),
(	NEWID()	, 'LB27DA'	, 'FI_TH_GOV'	, 'MOF'	,1000	,3.58	,'20271217'	, 'TGB'	, 96	, 'f85252d1-bc58-4ac6-8b56-2e228fb0a367'	,1	, '92d3370d-8a7e-4922-952c-4333f49807d2'	, 'a0b03fb8-d529-4baa-b04a-bed3f81c8ae0'	,'20130730'	),
(	NEWID()	, 'LB326A'	, 'FI_TH_GOV'	, 'MOF'	,1000	,3.65	,'20310620'	, 'TGB'	, 97	, 'f85252d1-bc58-4ac6-8b56-2e228fb0a367'	,1	, '92d3370d-8a7e-4922-952c-4333f49807d2'	, 'a0b03fb8-d529-4baa-b04a-bed3f81c8ae0'	,'20130715'	),
(	NEWID()	, 'LB406A'	, 'FI_TH_GOV'	, 'MOF'	,1000	,5	,'20400622'	, 'TGB'	, 98	, 'f85252d1-bc58-4ac6-8b56-2e228fb0a367'	,1	, '92d3370d-8a7e-4922-952c-4333f49807d2'	, 'a0b03fb8-d529-4baa-b04a-bed3f81c8ae0'	,'20130627'	),
(	NEWID()	, 'LB616A'	, 'FI_TH_GOV'	, 'MOF'	,1000	,4.85	,'20610617'	, 'TGB'	, 99	, 'f85252d1-bc58-4ac6-8b56-2e228fb0a367'	,1	, '92d3370d-8a7e-4922-952c-4333f49807d2'	, 'a0b03fb8-d529-4baa-b04a-bed3f81c8ae0'	,'20130627'	),
(	NEWID()	, 'LH169A'	, 'FI_TH_CORP'	, 'LH'	,1000	,4.03	,'20160930'	, 'TGB'	, 100	, 'f85252d1-bc58-4ac6-8b56-2e228fb0a367'	,1	, '92d3370d-8a7e-4922-952c-4333f49807d2'	, 'a0b03fb8-d529-4baa-b04a-bed3f81c8ae0'	,'20130925'	),
(	NEWID()	, 'MAJOR165A'	, 'FI_TH_CORP'	, 'MAJOR'	,1000	,3.54	,'20160515'	, 'TGB'	, 101	, 'f85252d1-bc58-4ac6-8b56-2e228fb0a367'	,1	, '5428f9a1-c983-4ecb-bc3f-8550cffd344e'	, 'a0b03fb8-d529-4baa-b04a-bed3f81c8ae0'	,'20130730'	),
(	NEWID()	, 'NHA138A2'	, 'FI_TH_CORP'	, 'NHA'	,1000	,4.25	,'20130821'	, 'TGB'	, 102	, 'f85252d1-bc58-4ac6-8b56-2e228fb0a367'	,1	, '92d3370d-8a7e-4922-952c-4333f49807d2'	, 'a0b03fb8-d529-4baa-b04a-bed3f81c8ae0'	,'20130706'	),
(	NEWID()	, 'NHA138A5'	, 'FI_TH_CORP'	, 'NHA'	,1000	,4	,'20130825'	, 'TGB'	, 103	, 'f85252d1-bc58-4ac6-8b56-2e228fb0a367'	,1	, '92d3370d-8a7e-4922-952c-4333f49807d2'	, 'a0b03fb8-d529-4baa-b04a-bed3f81c8ae0'	,'20130706'	),
(	NEWID()	, 'PRIN158A'	, 'FI_TH_CORP'	, 'PRINSIRI'	,1000	,5.95	,'20150821'	, 'TGB'	, 104	, 'f85252d1-bc58-4ac6-8b56-2e228fb0a367'	,1	, '5428f9a1-c983-4ecb-bc3f-8550cffd344e'	, 'a0b03fb8-d529-4baa-b04a-bed3f81c8ae0'	,'20130830'	),
(	NEWID()	, 'PTTC13OA'	, 'FI_TH_CORP'	, 'PTT'	,1000	,5	,'20131017'	, 'TGB'	, 105	, 'f85252d1-bc58-4ac6-8b56-2e228fb0a367'	,1	, '92d3370d-8a7e-4922-952c-4333f49807d2'	, 'a0b03fb8-d529-4baa-b04a-bed3f81c8ae0'	,'20130926'	),
(	NEWID()	, 'PTTC13OB'	, 'FI_TH_CORP'	, 'PTT'	,1000	,5.5	,'20131022'	, 'TGB'	, 106	, 'f85252d1-bc58-4ac6-8b56-2e228fb0a367'	,1	, '92d3370d-8a7e-4922-952c-4333f49807d2'	, 'a0b03fb8-d529-4baa-b04a-bed3f81c8ae0'	,'20130829'	),
(	NEWID()	, 'PTTC153A'	, 'FI_TH_CORP'	, 'PTT'	,1000	,4.86	,'20150320'	, 'TGB'	, 107	, 'f85252d1-bc58-4ac6-8b56-2e228fb0a367'	,1	, '92d3370d-8a7e-4922-952c-4333f49807d2'	, 'a0b03fb8-d529-4baa-b04a-bed3f81c8ae0'	,'20130730'	),
(	NEWID()	, 'PTTC15OA'	, 'FI_TH_CORP'	, 'PTTC'	,1000	,5	,'20151017'	, 'TGB'	, 108	, 'f85252d1-bc58-4ac6-8b56-2e228fb0a367'	,1	, '92d3370d-8a7e-4922-952c-4333f49807d2'	, 'a0b03fb8-d529-4baa-b04a-bed3f81c8ae0'	,'20130926'	),
(	NEWID()	, 'PTTC18NA'	, 'FI_TH_CORP'	, 'PTT'	,1000	,4	,'20181115'	, 'TGB'	, 109	, 'f85252d1-bc58-4ac6-8b56-2e228fb0a367'	,1	, '92d3370d-8a7e-4922-952c-4333f49807d2'	, 'a0b03fb8-d529-4baa-b04a-bed3f81c8ae0'	,'20130902'	),
(	NEWID()	, 'PTTC195B'	, 'FI_TH_CORP'	, 'PTT'	,1000	,4.1	,'20190515'	, 'TGB'	, 110	, 'f85252d1-bc58-4ac6-8b56-2e228fb0a367'	,1	, '92d3370d-8a7e-4922-952c-4333f49807d2'	, 'a0b03fb8-d529-4baa-b04a-bed3f81c8ae0'	,'20130902'	),
(	NEWID()	, 'PTTC243A'	, 'FI_TH_CORP'	, 'PTTC'	,1000	,5	,'20240306'	, 'TGB'	, 111	, 'f85252d1-bc58-4ac6-8b56-2e228fb0a367'	,1	, '92d3370d-8a7e-4922-952c-4333f49807d2'	, 'a0b03fb8-d529-4baa-b04a-bed3f81c8ae0'	,'20130926'	),
(	NEWID()	, 'PTTEP145A'	, 'FI_TH_CORP'	, 'PTTEP'	,1000	,4	,'20140529'	, 'TGB'	, 112	, 'f85252d1-bc58-4ac6-8b56-2e228fb0a367'	,1	, '5428f9a1-c983-4ecb-bc3f-8550cffd344e'	, 'a0b03fb8-d529-4baa-b04a-bed3f81c8ae0'	,'20130926'	),
(	NEWID()	, 'PTTGC144A'	, 'FI_TH_CORP'	, 'PTTGC'	,1000	,5.5	,'20140430'	, 'TGB'	, 113	, 'f85252d1-bc58-4ac6-8b56-2e228fb0a367'	,1	, '5428f9a1-c983-4ecb-bc3f-8550cffd344e'	, 'a0b03fb8-d529-4baa-b04a-bed3f81c8ae0'	,'20130926'	),
(	NEWID()	, 'QH178A'	, 'FI_TH_CORP'	, 'QH'	,1000	,4.55	,'20170823'	, 'TGB'	, 114	, 'f85252d1-bc58-4ac6-8b56-2e228fb0a367'	,1	, '92d3370d-8a7e-4922-952c-4333f49807d2'	, 'a0b03fb8-d529-4baa-b04a-bed3f81c8ae0'	,'20130912'	),
(	NEWID()	, 'RG146A'	, 'FI_TH_CORP'	, 'RATCHABURI'	,1000	,3.765	,'20140630'	, 'TGB'	, 115	, 'f85252d1-bc58-4ac6-8b56-2e228fb0a367'	,1	, '92d3370d-8a7e-4922-952c-4333f49807d2'	, 'a0b03fb8-d529-4baa-b04a-bed3f81c8ae0'	,'20130917'	),
(	NEWID()	, 'RG149A'	, 'FI_TH_CORP'	, 'RATCHABURI'	,1000	,3.825	,'20140930'	, 'TGB'	, 116	, 'f85252d1-bc58-4ac6-8b56-2e228fb0a367'	,1	, '92d3370d-8a7e-4922-952c-4333f49807d2'	, 'a0b03fb8-d529-4baa-b04a-bed3f81c8ae0'	,'20130917'	),
(	NEWID()	, 'SCC16NA'	, 'FI_TH_CORP'	, 'SCC'	,1000	,4.15	,'20161101'	, 'TGB'	, 117	, 'f85252d1-bc58-4ac6-8b56-2e228fb0a367'	,1	, '5428f9a1-c983-4ecb-bc3f-8550cffd344e'	, 'a0b03fb8-d529-4baa-b04a-bed3f81c8ae0'	,'20130730'	),
(	NEWID()	, 'SCC174A'	, 'FI_TH_CORP'	, 'SCC'	,1000	,4	,'20170401'	, 'TGB'	, 118	, 'f85252d1-bc58-4ac6-8b56-2e228fb0a367'	,1	, '5428f9a1-c983-4ecb-bc3f-8550cffd344e'	, 'a0b03fb8-d529-4baa-b04a-bed3f81c8ae0'	,'20131007'	),
(	NEWID()	, 'SIRI155A'	, 'FI_TH_CORP'	, 'SIRI'	,1000	,5	,'20150531'	, 'TGB'	, 119	, 'f85252d1-bc58-4ac6-8b56-2e228fb0a367'	,1	, '5428f9a1-c983-4ecb-bc3f-8550cffd344e'	, 'a0b03fb8-d529-4baa-b04a-bed3f81c8ae0'	,'20130926'	),
(	NEWID()	, 'SIRI15OA'	, 'FI_TH_CORP'	, 'SIRI'	,1000	,4.8	,'20151019'	, 'TGB'	, 120	, 'f85252d1-bc58-4ac6-8b56-2e228fb0a367'	,1	, '5428f9a1-c983-4ecb-bc3f-8550cffd344e'	, 'a0b03fb8-d529-4baa-b04a-bed3f81c8ae0'	,'20130911'	),
(	NEWID()	, 'SPALI14OA'	, 'FI_TH_CORP'	, 'SUPALAI'	,1000	,4.31	,'20141026'	, 'TGB'	, 121	, 'f85252d1-bc58-4ac6-8b56-2e228fb0a367'	,1	, '92d3370d-8a7e-4922-952c-4333f49807d2'	, 'a0b03fb8-d529-4baa-b04a-bed3f81c8ae0'	,'20130925'	),
(	NEWID()	, 'SPALI165A'	, 'FI_TH_CORP'	, 'SUPALAI'	,1000	,3.68	,'20160503'	, 'TGB'	, 122	, 'f85252d1-bc58-4ac6-8b56-2e228fb0a367'	,1	, '92d3370d-8a7e-4922-952c-4333f49807d2'	, 'a0b03fb8-d529-4baa-b04a-bed3f81c8ae0'	,'20130925'	),
(	NEWID()	, 'TB13N06A'	, 'FI_TH_GOV'	, 'MOF'	,1000	,0	,'20131128'	, 'Thai Market'	, 123	, 'f85252d1-bc58-4ac6-8b56-2e228fb0a367'	,1	, '54d788ce-a919-44ef-b5c7-80ee53d2c56f'	, 'a0b03fb8-d529-4baa-b04a-bed3f81c8ae0'	,'20131007'	),
(	NEWID()	, 'TB13O09A'	, 'FI_TH_GOV'	, 'MOF'	,1000	,0	,'20131009'	, 'Thai Market'	, 124	, 'f85252d1-bc58-4ac6-8b56-2e228fb0a367'	,1	, '54d788ce-a919-44ef-b5c7-80ee53d2c56f'	, 'a0b03fb8-d529-4baa-b04a-bed3f81c8ae0'	,'20130910'	),
(	NEWID()	, 'TB13O16A'	, 'FI_TH_GOV'	, 'MOF'	,1000	,0	,'20131016'	, 'Thai Market'	, 125	, 'f85252d1-bc58-4ac6-8b56-2e228fb0a367'	,1	, '54d788ce-a919-44ef-b5c7-80ee53d2c56f'	, 'a0b03fb8-d529-4baa-b04a-bed3f81c8ae0'	,'20130917'	),
(	NEWID()	, 'TB13O24A'	, 'FI_TH_GOV'	, 'MOF'	,1000	,0	,'20131024'	, 'Thai Market'	, 126	, 'f85252d1-bc58-4ac6-8b56-2e228fb0a367'	,1	, '54d788ce-a919-44ef-b5c7-80ee53d2c56f'	, 'a0b03fb8-d529-4baa-b04a-bed3f81c8ae0'	,'20130924'	),
(	NEWID()	, 'THAI16DA'	, 'FI_TH_CORP'	, 'THAI'	,1000	,4.3	,'20161228'	, 'TGB'	, 127	, 'f85252d1-bc58-4ac6-8b56-2e228fb0a367'	,1	, '92d3370d-8a7e-4922-952c-4333f49807d2'	, 'a0b03fb8-d529-4baa-b04a-bed3f81c8ae0'	,'20130820'	),
(	NEWID()	, 'THCOM14NA'	, 'FI_TH_CORP'	, 'THAICOM'	,1000	,6.15	,'20141106'	, 'TGB'	, 128	, 'f85252d1-bc58-4ac6-8b56-2e228fb0a367'	,1	, '92d3370d-8a7e-4922-952c-4333f49807d2'	, 'a0b03fb8-d529-4baa-b04a-bed3f81c8ae0'	,'20130912'	),
(	NEWID()	, 'TICON165B'	, 'FI_TH_CORP'	, 'TICON'	,1000	,3.6	,'20160515'	, 'TGB'	, 129	, 'f85252d1-bc58-4ac6-8b56-2e228fb0a367'	,1	, '92d3370d-8a7e-4922-952c-4333f49807d2'	, 'a0b03fb8-d529-4baa-b04a-bed3f81c8ae0'	,'20130925'	),
(	NEWID()	, 'TOP142A'	, 'FI_TH_CORP'	, 'TOP'	,1000	,4.2	,'20140213'	, 'TGB'	, 130	, 'f85252d1-bc58-4ac6-8b56-2e228fb0a367'	,1	, '5428f9a1-c983-4ecb-bc3f-8550cffd344e'	, 'a0b03fb8-d529-4baa-b04a-bed3f81c8ae0'	,'20130926'	),
(	NEWID()	, 'TRUE174A'	, 'FI_TH_CORP'	, 'TRUE'	,1000	,5.8	,'20170405'	, 'TGB'	, 131	, 'f85252d1-bc58-4ac6-8b56-2e228fb0a367'	,1	, '5428f9a1-c983-4ecb-bc3f-8550cffd344e'	, 'a0b03fb8-d529-4baa-b04a-bed3f81c8ae0'	,'20130916'	),
(	NEWID()	, 'TRUE177A'	, 'FI_TH_CORP'	, 'TRUE'	,1000	,5.55	,'20170705'	, 'TGB'	, 132	, 'f85252d1-bc58-4ac6-8b56-2e228fb0a367'	,1	, '5428f9a1-c983-4ecb-bc3f-8550cffd344e'	, 'a0b03fb8-d529-4baa-b04a-bed3f81c8ae0'	,'20131010'	),
(	NEWID()	, 'WHA169A'	, 'FI_TH_CORP'	, 'WHA'	,1000	,4.24	,'20160920'	, 'TGB'	, 133	, 'f85252d1-bc58-4ac6-8b56-2e228fb0a367'	,1	, '92d3370d-8a7e-4922-952c-4333f49807d2'	, 'a0b03fb8-d529-4baa-b04a-bed3f81c8ae0'	,'20130917'	),
(	NEWID()	, 'WHA189A'	, 'FI_TH_CORP'	, 'WHA'	,1000	,4.84	,'20180920'	, 'TGB'	, 134	, 'f85252d1-bc58-4ac6-8b56-2e228fb0a367'	,1	, '92d3370d-8a7e-4922-952c-4333f49807d2'	, 'a0b03fb8-d529-4baa-b04a-bed3f81c8ae0'	,'20130917'	)

-- Users
INSERT INTO MA_USER (ID, USERCODE, NAME, DEPARTMENT, ISLOCKED, ISACTIVE, USER_OPICS, USER_PROFILE_ID, LOG_INSERTBYUSERID, LOG_INSERTDATE) VALUES											
(	NEWID()	, 'KAMONWAN.CHA'	, 'KAMONWAN CHAWANANON'	, 'IT'	, 0	, 1	, 'KAM1'	, '2f49678b-026c-44fd-b34a-4d91a5ed40e1'	, 'a0b03fb8-d529-4baa-b04a-bed3f81c8ae0'	, '20131010'	),
(	NEWID()	, 'EKACHAI.VIR'	, 'EKACHAI VIRIYAMUTI'	, 'IT'	, 0	, 1	, 'NA'	, '2f49678b-026c-44fd-b34a-4d91a5ed40e1'	, 'a0b03fb8-d529-4baa-b04a-bed3f81c8ae0'	, '20131010'	),
(	NEWID()	, 'PREECHA.TEC'	, 'PREECHA TECHARUNGCHAIKUL'	, 'FINANCIAL MARKET'	, 0	, 1	, 'PRE1'	, '245f94ac-3cbe-4d59-9204-c44a76fedefe'	, 'a0b03fb8-d529-4baa-b04a-bed3f81c8ae0'	, '20131010'	),
(	NEWID()	, 'KAMPOL.JAN'	, 'KAMPOL JANTAVIBOOL'	, 'FINANCIAL MARKET'	, 0	, 1	, 'KAM1'	, '245f94ac-3cbe-4d59-9204-c44a76fedefe'	, 'a0b03fb8-d529-4baa-b04a-bed3f81c8ae0'	, '20131010'	),
(	NEWID()	, 'THAPAKORN.PIA'	, 'THAPAKORN PIANCHUPATTANA'	, 'FINANCIAL MARKET'	, 0	, 1	, 'THA3'	, '87ac4a18-4363-413b-8998-8f33d904f258'	, 'a0b03fb8-d529-4baa-b04a-bed3f81c8ae0'	, '20131010'	),
(	NEWID()	, 'RATCHADA.SAR'	, 'RATCHADA SARAVUDDHIKUL'	, 'FINANCIAL MARKET'	, 0	, 1	, 'RAT2'	, '87ac4a18-4363-413b-8998-8f33d904f258'	, 'a0b03fb8-d529-4baa-b04a-bed3f81c8ae0'	, '20131010'	),
(	NEWID()	, 'JITIPOL.PUK'	, 'JITIPOL PUKSAMATANAN'	, 'FINANCIAL MARKET'	, 0	, 1	, 'JIT1'	, '87ac4a18-4363-413b-8998-8f33d904f258'	, 'a0b03fb8-d529-4baa-b04a-bed3f81c8ae0'	, '20131010'	),
(	NEWID()	, 'AROONRATH.SAN'	, 'AROONRATH SANGALUNGKARN'	, 'FINANCIAL MARKET'	, 0	, 1	, 'ARO1'	, '87ac4a18-4363-413b-8998-8f33d904f258'	, 'a0b03fb8-d529-4baa-b04a-bed3f81c8ae0'	, '20131010'	),
(	NEWID()	, 'SIRAPOPE.JIT'	, 'SIRAPOPE JITRAVITAVAJ'	, 'FINANCIAL MARKET'	, 0	, 1	, 'SIR1'	, '87ac4a18-4363-413b-8998-8f33d904f258'	, 'a0b03fb8-d529-4baa-b04a-bed3f81c8ae0'	, '20131010'	),
(	NEWID()	, 'JONGPAK.SAK'	, 'JONGPAK SAKSRI'	, 'TREASURY OPERATION'	, 0	, 1	, 'JON1'	, '78400bd2-39d5-4088-8db7-c418b344aa48'	, 'a0b03fb8-d529-4baa-b04a-bed3f81c8ae0'	, '20131010'	),
(	NEWID()	, 'THANATCHA.WAT'	, 'THANATCHA WATCHARATRONSUK'	, 'TREASURY OPERATION'	, 0	, 1	, 'THA1'	, '78400bd2-39d5-4088-8db7-c418b344aa48'	, 'a0b03fb8-d529-4baa-b04a-bed3f81c8ae0'	, '20131010'	),
(	NEWID()	, 'YUWANEE.YOS'	, 'YUWANEE YOSVIRIYAPITARN'	, 'TREASURY OPERATION'	, 0	, 1	, 'YUW1'	, '78400bd2-39d5-4088-8db7-c418b344aa48'	, 'a0b03fb8-d529-4baa-b04a-bed3f81c8ae0'	, '20131010'	),
(	NEWID()	, 'ATTHADEAT.TEP'	, 'ATTHADEAT TEPCHAITANAWONG'	, 'TREASURY OPERATION'	, 0	, 1	, 'ATT1'	, '78400bd2-39d5-4088-8db7-c418b344aa48'	, 'a0b03fb8-d529-4baa-b04a-bed3f81c8ae0'	, '20131010'	),
(	NEWID()	, 'JATUPORN.CHU'	, 'JATUPORN CHUTTHONG'	, 'TREASURY OPERATION'	, 0	, 1	, 'NA'	, '78400bd2-39d5-4088-8db7-c418b344aa48'	, 'a0b03fb8-d529-4baa-b04a-bed3f81c8ae0'	, '20131010'	),
(	NEWID()	, 'WACHIRA.THA'	, 'WACHIRA THAMMAPHANONT'	, 'TREASURY'	, 0	, 1	, 'WAC1'	, '87ac4a18-4363-413b-8998-8f33d904f258'	, 'a0b03fb8-d529-4baa-b04a-bed3f81c8ae0'	, '20131010'	),
(	NEWID()	, 'PRAIWAN.DHU'	, 'PRAIWAN DHUNGSUNUN'	, 'FINANCIAL MARKET'	, 0	, 1	, 'PRA3'	, '245f94ac-3cbe-4d59-9204-c44a76fedefe'	, 'a0b03fb8-d529-4baa-b04a-bed3f81c8ae0'	, '20131010'	),
(	NEWID()	, 'TABTHIP.KHL'	, 'TABTHIP KHLONGWATHANAKITH'	, 'CREDIT RISK MANAGEMENT'	, 0	, 1	, 'NA'	, 'e0e5d39b-c449-4d77-b1ba-c44fc03950c0'	, 'a0b03fb8-d529-4baa-b04a-bed3f81c8ae0'	, '20131010'	),
(	NEWID()	, 'TANAPOL.PIT'	, 'TANAPOL PITIWATTANARAT'	, 'MARKET RISK'	, 0	, 1	, 'NA'	, 'e0e5d39b-c449-4d77-b1ba-c44fc03950c0'	, 'a0b03fb8-d529-4baa-b04a-bed3f81c8ae0'	, '20131010'	),
(	NEWID()	, 'WARUT.JAN'	, 'WARUT JANTARANATE'	, 'MARKET RISK'	, 0	, 1	, 'NA'	, 'e0e5d39b-c449-4d77-b1ba-c44fc03950c0'	, 'a0b03fb8-d529-4baa-b04a-bed3f81c8ae0'	, '20131010'	),
(	NEWID()	, 'SUPACHOT.LOW'	, 'SUPACHOT LOWATTANAKUL'	, 'BIPI'	, 0	, 1	, 'NA'	, 'e0e5d39b-c449-4d77-b1ba-c44fc03950c0'	, 'a0b03fb8-d529-4baa-b04a-bed3f81c8ae0'	, '20131010'	),
(	NEWID()	, 'DARIKA.SIN'	, 'DARIKA SINCHAI'	, 'BIPI'	, 0	, 1	, 'NA'	, 'e0e5d39b-c449-4d77-b1ba-c44fc03950c0'	, 'a0b03fb8-d529-4baa-b04a-bed3f81c8ae0'	, '20131010'	),
(	NEWID()	, 'KAJORNSAK.PRO'	, 'KAJORNSAK PROMSANPANG'	, 'BIPI'	, 0	, 1	, 'NA'	, 'e0e5d39b-c449-4d77-b1ba-c44fc03950c0'	, 'a0b03fb8-d529-4baa-b04a-bed3f81c8ae0'	, '20131010'	),
(	NEWID()	, 'TAMRONG.KAM'	, 'TAMRONG KAMKOM'	, 'BIPI'	, 0	, 1	, 'NA'	, 'e0e5d39b-c449-4d77-b1ba-c44fc03950c0'	, 'a0b03fb8-d529-4baa-b04a-bed3f81c8ae0'	, '20131010'	),
(	NEWID()	, 'SONGKRAN.TOO'	, 'SONGKRAN TOOBHOM'	, 'TREASURY OPERATION'	, 0	, 1	, 'NA'	, '78400bd2-39d5-4088-8db7-c418b344aa48'	, 'a0b03fb8-d529-4baa-b04a-bed3f81c8ae0'	, '20131010'	),
(	NEWID()	, 'SUPHATTRA.ROD'	, 'SUPHATTRA RODNOO'	, 'TREASURY OPERATION'	, 0	, 1	, 'NA'	, '78400bd2-39d5-4088-8db7-c418b344aa48'	, 'a0b03fb8-d529-4baa-b04a-bed3f81c8ae0'	, '20131010'	),
(	NEWID()	, 'JARUNEE.KIA'	, 'JARUNEE KIATSURAYANON'	, 'TREASURY OPERATION'	, 0	, 1	, 'NA'	, '78400bd2-39d5-4088-8db7-c418b344aa48'	, 'a0b03fb8-d529-4baa-b04a-bed3f81c8ae0'	, '20131010'	),
(	NEWID()	, 'ONSURANG.PIP'	, 'ONSURANG PIPATTANASUT'	, 'TREASURY OPERATION'	, 0	, 1	, 'NA'	, '78400bd2-39d5-4088-8db7-c418b344aa48'	, 'a0b03fb8-d529-4baa-b04a-bed3f81c8ae0'	, '20131010'	)
